№,Назва,Ціна,Вага/Кількість
2,"Ковбаса 0,55 кг М'ясна лавка/Своя лінія Молочна ДСТУ вар вектор",86.90 грн/шт,55000.0 г
3,"Чай 45,5 г (4 смаки * 7 ф/п ) Tea Moments Asortment Moment у сашетах к/уп",42.90 грн/шт,5.0 г
4,Гель для чищення 1кг Сантри ONIKS,48.90 грн/шт,1000.0 г
5,Печиво 420 г Рошен Lovita Jelly зі смаком вишні м/уп,79.90 грн/шт,420.0 г
6,Печиво 95г Oрео з какао та кремовою начинкою ванільного смаку,25.50 грн/шт,95.0 г
7,Зерновий батончик 25 г АХА зі смаком йогурту та лісовими ягодами,8.20 грн/шт,25.0 г
8,Морозиво 450 г Три Ведмеді Vanilla&Caramel двошарове пласт/лоток,89.00 грн/шт,450.0 г
9,Рідке мило 300мл Duru морські мінерали та олія авакадо п/флакон,42.50 грн/шт,300.0 мл
10,Готовий сніданок 330г Start Веселий Роджер,49.60 грн/шт,330.0 г
11,Прокладки урологічні 15 шт Seni Lady extra,82.50 грн/шт,N/A шт
12,"Ковбаса 0,55 кг М'ясна лавка/Своя лінія Молочна ДСТУ вар вектор",86.90 грн/шт,55000.0 г
13,"Чай 45,5 г (4 смаки * 7 ф/п ) Tea Moments Asortment Moment у сашетах к/уп",42.90 грн/шт,5.0 г
14,Гель для чищення 1кг Сантри ONIKS,48.90 грн/шт,1000.0 г
15,Печиво 420 г Рошен Lovita Jelly зі смаком вишні м/уп,79.90 грн/шт,420.0 г
16,Печиво 95г Oрео з какао та кремовою начинкою ванільного смаку,25.50 грн/шт,95.0 г
17,Зерновий батончик 25 г АХА зі смаком йогурту та лісовими ягодами,8.20 грн/шт,25.0 г
18,Морозиво 450 г Три Ведмеді Vanilla&Caramel двошарове пласт/лоток,89.00 грн/шт,450.0 г
19,Рідке мило 300мл Duru морські мінерали та олія авакадо п/флакон,42.50 грн/шт,300.0 мл
20,Готовий сніданок 330г Start Веселий Роджер,49.60 грн/шт,330.0 г
21,Прокладки урологічні 15 шт Seni Lady extra,82.50 грн/шт,N/A шт
22,"Ковбаса 0,55 кг М'ясна лавка/Своя лінія Молочна ДСТУ вар вектор",86.90 грн/шт,55000.0 г
23,"Чай 45,5 г (4 смаки * 7 ф/п ) Tea Moments Asortment Moment у сашетах к/уп",42.90 грн/шт,5.0 г
24,Гель для чищення 1кг Сантри ONIKS,48.90 грн/шт,1000.0 г
25,Печиво 420 г Рошен Lovita Jelly зі смаком вишні м/уп,79.90 грн/шт,420.0 г
26,Печиво 95г Oрео з какао та кремовою начинкою ванільного смаку,25.50 грн/шт,95.0 г
27,Зерновий батончик 25 г АХА зі смаком йогурту та лісовими ягодами,8.20 грн/шт,25.0 г
28,Морозиво 450 г Три Ведмеді Vanilla&Caramel двошарове пласт/лоток,89.00 грн/шт,450.0 г
29,Рідке мило 300мл Duru морські мінерали та олія авакадо п/флакон,42.50 грн/шт,300.0 мл
30,Готовий сніданок 330г Start Веселий Роджер,49.60 грн/шт,330.0 г
31,Прокладки урологічні 15 шт Seni Lady extra,82.50 грн/шт,N/A шт
22,"Ковбаса 0,55 кг М'ясна лавка/Своя лінія Молочна ДСТУ вар вектор",86.90 грн/шт,55000.0 г
23,"Чай 45,5 г (4 смаки * 7 ф/п ) Tea Moments Asortment Moment у сашетах к/уп",42.90 грн/шт,5.0 г
24,Гель для чищення 1кг Сантри ONIKS,48.90 грн/шт,1000.0 г
25,Печиво 420 г Рошен Lovita Jelly зі смаком вишні м/уп,79.90 грн/шт,420.0 г
26,Печиво 95г Oрео з какао та кремовою начинкою ванільного смаку,25.50 грн/шт,95.0 г
27,Зерновий батончик 25 г АХА зі смаком йогурту та лісовими ягодами,8.20 грн/шт,25.0 г
28,Морозиво 450 г Три Ведмеді Vanilla&Caramel двошарове пласт/лоток,89.00 грн/шт,450.0 г
29,Рідке мило 300мл Duru морські мінерали та олія авакадо п/флакон,42.50 грн/шт,300.0 мл
30,Готовий сніданок 330г Start Веселий Роджер,49.60 грн/шт,330.0 г
31,Прокладки урологічні 15 шт Seni Lady extra,82.50 грн/шт,N/A шт
32,"Ковбаса 0,55 кг М'ясна лавка/Своя лінія Молочна ДСТУ вар вектор",86.90 грн/шт,55000.0 г
33,"Чай 45,5 г (4 смаки * 7 ф/п ) Tea Moments Asortment Moment у сашетах к/уп",42.90 грн/шт,5.0 г
34,Гель для чищення 1кг Сантри ONIKS,48.90 грн/шт,1000.0 г
35,Печиво 420 г Рошен Lovita Jelly зі смаком вишні м/уп,79.90 грн/шт,420.0 г
36,Печиво 95г Oрео з какао та кремовою начинкою ванільного смаку,25.50 грн/шт,95.0 г
37,Зерновий батончик 25 г АХА зі смаком йогурту та лісовими ягодами,8.20 грн/шт,25.0 г
38,Морозиво 450 г Три Ведмеді Vanilla&Caramel двошарове пласт/лоток,89.00 грн/шт,450.0 г
39,Рідке мило 300мл Duru морські мінерали та олія авакадо п/флакон,42.50 грн/шт,300.0 мл
40,Готовий сніданок 330г Start Веселий Роджер,49.60 грн/шт,330.0 г
41,Прокладки урологічні 15 шт Seni Lady extra,82.50 грн/шт,N/A шт
42,"Ковбаса 0,55 кг М'ясна лавка/Своя лінія Молочна ДСТУ вар вектор",86.90 грн/шт,55000.0 г
43,"Чай 45,5 г (4 смаки * 7 ф/п ) Tea Moments Asortment Moment у сашетах к/уп",42.90 грн/шт,5.0 г
44,Гель для чищення 1кг Сантри ONIKS,48.90 грн/шт,1000.0 г
45,Печиво 420 г Рошен Lovita Jelly зі смаком вишні м/уп,79.90 грн/шт,420.0 г
46,Печиво 95г Oрео з какао та кремовою начинкою ванільного смаку,25.50 грн/шт,95.0 г
47,Зерновий батончик 25 г АХА зі смаком йогурту та лісовими ягодами,8.20 грн/шт,25.0 г
48,Морозиво 450 г Три Ведмеді Vanilla&Caramel двошарове пласт/лоток,89.00 грн/шт,450.0 г
49,Рідке мило 300мл Duru морські мінерали та олія авакадо п/флакон,42.50 грн/шт,300.0 мл
50,Готовий сніданок 330г Start Веселий Роджер,49.60 грн/шт,330.0 г
51,Прокладки урологічні 15 шт Seni Lady extra,82.50 грн/шт,N/A шт
32,"Ковбаса 0,55 кг М'ясна лавка/Своя лінія Молочна ДСТУ вар вектор",86.90 грн/шт,55000.0 г
33,"Чай 45,5 г (4 смаки * 7 ф/п ) Tea Moments Asortment Moment у сашетах к/уп",42.90 грн/шт,5.0 г
34,Гель для чищення 1кг Сантри ONIKS,48.90 грн/шт,1000.0 г
35,Печиво 420 г Рошен Lovita Jelly зі смаком вишні м/уп,79.90 грн/шт,420.0 г
36,Печиво 95г Oрео з какао та кремовою начинкою ванільного смаку,25.50 грн/шт,95.0 г
37,Зерновий батончик 25 г АХА зі смаком йогурту та лісовими ягодами,8.20 грн/шт,25.0 г
38,Морозиво 450 г Три Ведмеді Vanilla&Caramel двошарове пласт/лоток,89.00 грн/шт,450.0 г
39,Рідке мило 300мл Duru морські мінерали та олія авакадо п/флакон,42.50 грн/шт,300.0 мл
40,Готовий сніданок 330г Start Веселий Роджер,49.60 грн/шт,330.0 г
41,Прокладки урологічні 15 шт Seni Lady extra,82.50 грн/шт,N/A шт
42,"Ковбаса 0,55 кг М'ясна лавка/Своя лінія Молочна ДСТУ вар вектор",86.90 грн/шт,55000.0 г
43,"Чай 45,5 г (4 смаки * 7 ф/п ) Tea Moments Asortment Moment у сашетах к/уп",42.90 грн/шт,5.0 г
44,Гель для чищення 1кг Сантри ONIKS,48.90 грн/шт,1000.0 г
45,Печиво 420 г Рошен Lovita Jelly зі смаком вишні м/уп,79.90 грн/шт,420.0 г
46,Печиво 95г Oрео з какао та кремовою начинкою ванільного смаку,25.50 грн/шт,95.0 г
47,Зерновий батончик 25 г АХА зі смаком йогурту та лісовими ягодами,8.20 грн/шт,25.0 г
48,Морозиво 450 г Три Ведмеді Vanilla&Caramel двошарове пласт/лоток,89.00 грн/шт,450.0 г
49,Рідке мило 300мл Duru морські мінерали та олія авакадо п/флакон,42.50 грн/шт,300.0 мл
50,Готовий сніданок 330г Start Веселий Роджер,49.60 грн/шт,330.0 г
51,Прокладки урологічні 15 шт Seni Lady extra,82.50 грн/шт,N/A шт
52,"Ковбаса 0,55 кг М'ясна лавка/Своя лінія Молочна ДСТУ вар вектор",86.90 грн/шт,55000.0 г
53,"Чай 45,5 г (4 смаки * 7 ф/п ) Tea Moments Asortment Moment у сашетах к/уп",42.90 грн/шт,5.0 г
54,Гель для чищення 1кг Сантри ONIKS,48.90 грн/шт,1000.0 г
55,Печиво 420 г Рошен Lovita Jelly зі смаком вишні м/уп,79.90 грн/шт,420.0 г
56,Печиво 95г Oрео з какао та кремовою начинкою ванільного смаку,25.50 грн/шт,95.0 г
57,Зерновий батончик 25 г АХА зі смаком йогурту та лісовими ягодами,8.20 грн/шт,25.0 г
58,Морозиво 450 г Три Ведмеді Vanilla&Caramel двошарове пласт/лоток,89.00 грн/шт,450.0 г
59,Рідке мило 300мл Duru морські мінерали та олія авакадо п/флакон,42.50 грн/шт,300.0 мл
60,Готовий сніданок 330г Start Веселий Роджер,49.60 грн/шт,330.0 г
61,Прокладки урологічні 15 шт Seni Lady extra,82.50 грн/шт,N/A шт
62,"Ковбаса 0,55 кг М'ясна лавка/Своя лінія Молочна ДСТУ вар вектор",86.90 грн/шт,55000.0 г
63,"Чай 45,5 г (4 смаки * 7 ф/п ) Tea Moments Asortment Moment у сашетах к/уп",42.90 грн/шт,5.0 г
64,Гель для чищення 1кг Сантри ONIKS,48.90 грн/шт,1000.0 г
65,Печиво 420 г Рошен Lovita Jelly зі смаком вишні м/уп,79.90 грн/шт,420.0 г
66,Печиво 95г Oрео з какао та кремовою начинкою ванільного смаку,25.50 грн/шт,95.0 г
67,Зерновий батончик 25 г АХА зі смаком йогурту та лісовими ягодами,8.20 грн/шт,25.0 г
68,Морозиво 450 г Три Ведмеді Vanilla&Caramel двошарове пласт/лоток,89.00 грн/шт,450.0 г
69,Рідке мило 300мл Duru морські мінерали та олія авакадо п/флакон,42.50 грн/шт,300.0 мл
70,Готовий сніданок 330г Start Веселий Роджер,49.60 грн/шт,330.0 г
71,Прокладки урологічні 15 шт Seni Lady extra,82.50 грн/шт,N/A шт
42,"Ковбаса 0,55 кг М'ясна лавка/Своя лінія Молочна ДСТУ вар вектор",86.90 грн/шт,55000.0 г
43,"Чай 45,5 г (4 смаки * 7 ф/п ) Tea Moments Asortment Moment у сашетах к/уп",42.90 грн/шт,5.0 г
44,Гель для чищення 1кг Сантри ONIKS,48.90 грн/шт,1000.0 г
45,Печиво 420 г Рошен Lovita Jelly зі смаком вишні м/уп,79.90 грн/шт,420.0 г
46,Печиво 95г Oрео з какао та кремовою начинкою ванільного смаку,25.50 грн/шт,95.0 г
47,Зерновий батончик 25 г АХА зі смаком йогурту та лісовими ягодами,8.20 грн/шт,25.0 г
48,Морозиво 450 г Три Ведмеді Vanilla&Caramel двошарове пласт/лоток,89.00 грн/шт,450.0 г
49,Рідке мило 300мл Duru морські мінерали та олія авакадо п/флакон,42.50 грн/шт,300.0 мл
50,Готовий сніданок 330г Start Веселий Роджер,49.60 грн/шт,330.0 г
51,Прокладки урологічні 15 шт Seni Lady extra,82.50 грн/шт,N/A шт
52,"Ковбаса 0,55 кг М'ясна лавка/Своя лінія Молочна ДСТУ вар вектор",86.90 грн/шт,55000.0 г
53,"Чай 45,5 г (4 смаки * 7 ф/п ) Tea Moments Asortment Moment у сашетах к/уп",42.90 грн/шт,5.0 г
54,Гель для чищення 1кг Сантри ONIKS,48.90 грн/шт,1000.0 г
55,Печиво 420 г Рошен Lovita Jelly зі смаком вишні м/уп,79.90 грн/шт,420.0 г
56,Печиво 95г Oрео з какао та кремовою начинкою ванільного смаку,25.50 грн/шт,95.0 г
57,Зерновий батончик 25 г АХА зі смаком йогурту та лісовими ягодами,8.20 грн/шт,25.0 г
58,Морозиво 450 г Три Ведмеді Vanilla&Caramel двошарове пласт/лоток,89.00 грн/шт,450.0 г
59,Рідке мило 300мл Duru морські мінерали та олія авакадо п/флакон,42.50 грн/шт,300.0 мл
60,Готовий сніданок 330г Start Веселий Роджер,49.60 грн/шт,330.0 г
61,Прокладки урологічні 15 шт Seni Lady extra,82.50 грн/шт,N/A шт
62,"Ковбаса 0,55 кг М'ясна лавка/Своя лінія Молочна ДСТУ вар вектор",86.90 грн/шт,55000.0 г
63,"Чай 45,5 г (4 смаки * 7 ф/п ) Tea Moments Asortment Moment у сашетах к/уп",42.90 грн/шт,5.0 г
64,Гель для чищення 1кг Сантри ONIKS,48.90 грн/шт,1000.0 г
65,Печиво 420 г Рошен Lovita Jelly зі смаком вишні м/уп,79.90 грн/шт,420.0 г
66,Печиво 95г Oрео з какао та кремовою начинкою ванільного смаку,25.50 грн/шт,95.0 г
67,Зерновий батончик 25 г АХА зі смаком йогурту та лісовими ягодами,8.20 грн/шт,25.0 г
68,Морозиво 450 г Три Ведмеді Vanilla&Caramel двошарове пласт/лоток,89.00 грн/шт,450.0 г
69,Рідке мило 300мл Duru морські мінерали та олія авакадо п/флакон,42.50 грн/шт,300.0 мл
70,Готовий сніданок 330г Start Веселий Роджер,49.60 грн/шт,330.0 г
71,Прокладки урологічні 15 шт Seni Lady extra,82.50 грн/шт,N/A шт
72,"Ковбаса 0,55 кг М'ясна лавка/Своя лінія Молочна ДСТУ вар вектор",86.90 грн/шт,55000.0 г
73,"Чай 45,5 г (4 смаки * 7 ф/п ) Tea Moments Asortment Moment у сашетах к/уп",42.90 грн/шт,5.0 г
74,Гель для чищення 1кг Сантри ONIKS,48.90 грн/шт,1000.0 г
75,Печиво 420 г Рошен Lovita Jelly зі смаком вишні м/уп,79.90 грн/шт,420.0 г
76,Печиво 95г Oрео з какао та кремовою начинкою ванільного смаку,25.50 грн/шт,95.0 г
77,Зерновий батончик 25 г АХА зі смаком йогурту та лісовими ягодами,8.20 грн/шт,25.0 г
78,Морозиво 450 г Три Ведмеді Vanilla&Caramel двошарове пласт/лоток,89.00 грн/шт,450.0 г
79,Рідке мило 300мл Duru морські мінерали та олія авакадо п/флакон,42.50 грн/шт,300.0 мл
80,Готовий сніданок 330г Start Веселий Роджер,49.60 грн/шт,330.0 г
81,Прокладки урологічні 15 шт Seni Lady extra,82.50 грн/шт,N/A шт
82,"Ковбаса 0,55 кг М'ясна лавка/Своя лінія Молочна ДСТУ вар вектор",86.90 грн/шт,55000.0 г
83,"Чай 45,5 г (4 смаки * 7 ф/п ) Tea Moments Asortment Moment у сашетах к/уп",42.90 грн/шт,5.0 г
84,Гель для чищення 1кг Сантри ONIKS,48.90 грн/шт,1000.0 г
85,Печиво 420 г Рошен Lovita Jelly зі смаком вишні м/уп,79.90 грн/шт,420.0 г
86,Печиво 95г Oрео з какао та кремовою начинкою ванільного смаку,25.50 грн/шт,95.0 г
87,Зерновий батончик 25 г АХА зі смаком йогурту та лісовими ягодами,8.20 грн/шт,25.0 г
88,Морозиво 450 г Три Ведмеді Vanilla&Caramel двошарове пласт/лоток,89.00 грн/шт,450.0 г
89,Рідке мило 300мл Duru морські мінерали та олія авакадо п/флакон,42.50 грн/шт,300.0 мл
90,Готовий сніданок 330г Start Веселий Роджер,49.60 грн/шт,330.0 г
91,Прокладки урологічні 15 шт Seni Lady extra,82.50 грн/шт,N/A шт
52,"Ковбаса 0,55 кг М'ясна лавка/Своя лінія Молочна ДСТУ вар вектор",86.90 грн/шт,55000.0 г
53,"Чай 45,5 г (4 смаки * 7 ф/п ) Tea Moments Asortment Moment у сашетах к/уп",42.90 грн/шт,5.0 г
54,Гель для чищення 1кг Сантри ONIKS,48.90 грн/шт,1000.0 г
55,Печиво 420 г Рошен Lovita Jelly зі смаком вишні м/уп,79.90 грн/шт,420.0 г
56,Печиво 95г Oрео з какао та кремовою начинкою ванільного смаку,25.50 грн/шт,95.0 г
57,Зерновий батончик 25 г АХА зі смаком йогурту та лісовими ягодами,8.20 грн/шт,25.0 г
58,Морозиво 450 г Три Ведмеді Vanilla&Caramel двошарове пласт/лоток,89.00 грн/шт,450.0 г
59,Рідке мило 300мл Duru морські мінерали та олія авакадо п/флакон,42.50 грн/шт,300.0 мл
60,Готовий сніданок 330г Start Веселий Роджер,49.60 грн/шт,330.0 г
61,Прокладки урологічні 15 шт Seni Lady extra,82.50 грн/шт,N/A шт
62,"Ковбаса 0,55 кг М'ясна лавка/Своя лінія Молочна ДСТУ вар вектор",86.90 грн/шт,55000.0 г
63,"Чай 45,5 г (4 смаки * 7 ф/п ) Tea Moments Asortment Moment у сашетах к/уп",42.90 грн/шт,5.0 г
64,Гель для чищення 1кг Сантри ONIKS,48.90 грн/шт,1000.0 г
65,Печиво 420 г Рошен Lovita Jelly зі смаком вишні м/уп,79.90 грн/шт,420.0 г
66,Печиво 95г Oрео з какао та кремовою начинкою ванільного смаку,25.50 грн/шт,95.0 г
67,Зерновий батончик 25 г АХА зі смаком йогурту та лісовими ягодами,8.20 грн/шт,25.0 г
68,Морозиво 450 г Три Ведмеді Vanilla&Caramel двошарове пласт/лоток,89.00 грн/шт,450.0 г
69,Рідке мило 300мл Duru морські мінерали та олія авакадо п/флакон,42.50 грн/шт,300.0 мл
70,Готовий сніданок 330г Start Веселий Роджер,49.60 грн/шт,330.0 г
71,Прокладки урологічні 15 шт Seni Lady extra,82.50 грн/шт,N/A шт
72,"Ковбаса 0,55 кг М'ясна лавка/Своя лінія Молочна ДСТУ вар вектор",86.90 грн/шт,55000.0 г
73,"Чай 45,5 г (4 смаки * 7 ф/п ) Tea Moments Asortment Moment у сашетах к/уп",42.90 грн/шт,5.0 г
74,Гель для чищення 1кг Сантри ONIKS,48.90 грн/шт,1000.0 г
75,Печиво 420 г Рошен Lovita Jelly зі смаком вишні м/уп,79.90 грн/шт,420.0 г
76,Печиво 95г Oрео з какао та кремовою начинкою ванільного смаку,25.50 грн/шт,95.0 г
77,Зерновий батончик 25 г АХА зі смаком йогурту та лісовими ягодами,8.20 грн/шт,25.0 г
78,Морозиво 450 г Три Ведмеді Vanilla&Caramel двошарове пласт/лоток,89.00 грн/шт,450.0 г
79,Рідке мило 300мл Duru морські мінерали та олія авакадо п/флакон,42.50 грн/шт,300.0 мл
80,Готовий сніданок 330г Start Веселий Роджер,49.60 грн/шт,330.0 г
81,Прокладки урологічні 15 шт Seni Lady extra,82.50 грн/шт,N/A шт
82,"Ковбаса 0,55 кг М'ясна лавка/Своя лінія Молочна ДСТУ вар вектор",86.90 грн/шт,55000.0 г
83,"Чай 45,5 г (4 смаки * 7 ф/п ) Tea Moments Asortment Moment у сашетах к/уп",42.90 грн/шт,5.0 г
84,Гель для чищення 1кг Сантри ONIKS,48.90 грн/шт,1000.0 г
85,Печиво 420 г Рошен Lovita Jelly зі смаком вишні м/уп,79.90 грн/шт,420.0 г
86,Печиво 95г Oрео з какао та кремовою начинкою ванільного смаку,25.50 грн/шт,95.0 г
87,Зерновий батончик 25 г АХА зі смаком йогурту та лісовими ягодами,8.20 грн/шт,25.0 г
88,Морозиво 450 г Три Ведмеді Vanilla&Caramel двошарове пласт/лоток,89.00 грн/шт,450.0 г
89,Рідке мило 300мл Duru морські мінерали та олія авакадо п/флакон,42.50 грн/шт,300.0 мл
90,Готовий сніданок 330г Start Веселий Роджер,49.60 грн/шт,330.0 г
91,Прокладки урологічні 15 шт Seni Lady extra,82.50 грн/шт,N/A шт
92,"Ковбаса 0,55 кг М'ясна лавка/Своя лінія Молочна ДСТУ вар вектор",86.90 грн/шт,55000.0 г
93,"Чай 45,5 г (4 смаки * 7 ф/п ) Tea Moments Asortment Moment у сашетах к/уп",42.90 грн/шт,5.0 г
94,Гель для чищення 1кг Сантри ONIKS,48.90 грн/шт,1000.0 г
95,Печиво 420 г Рошен Lovita Jelly зі смаком вишні м/уп,79.90 грн/шт,420.0 г
96,Печиво 95г Oрео з какао та кремовою начинкою ванільного смаку,25.50 грн/шт,95.0 г
97,Зерновий батончик 25 г АХА зі смаком йогурту та лісовими ягодами,8.20 грн/шт,25.0 г
98,Морозиво 450 г Три Ведмеді Vanilla&Caramel двошарове пласт/лоток,89.00 грн/шт,450.0 г
99,Рідке мило 300мл Duru морські мінерали та олія авакадо п/флакон,42.50 грн/шт,300.0 мл
100,Готовий сніданок 330г Start Веселий Роджер,49.60 грн/шт,330.0 г
101,Прокладки урологічні 15 шт Seni Lady extra,82.50 грн/шт,N/A шт
102,"Ковбаса 0,55 кг М'ясна лавка/Своя лінія Молочна ДСТУ вар вектор",86.90 грн/шт,55000.0 г
103,"Чай 45,5 г (4 смаки * 7 ф/п ) Tea Moments Asortment Moment у сашетах к/уп",42.90 грн/шт,5.0 г
104,Гель для чищення 1кг Сантри ONIKS,48.90 грн/шт,1000.0 г
105,Печиво 420 г Рошен Lovita Jelly зі смаком вишні м/уп,79.90 грн/шт,420.0 г
106,Печиво 95г Oрео з какао та кремовою начинкою ванільного смаку,25.50 грн/шт,95.0 г
107,Зерновий батончик 25 г АХА зі смаком йогурту та лісовими ягодами,8.20 грн/шт,25.0 г
108,Морозиво 450 г Три Ведмеді Vanilla&Caramel двошарове пласт/лоток,89.00 грн/шт,450.0 г
109,Рідке мило 300мл Duru морські мінерали та олія авакадо п/флакон,42.50 грн/шт,300.0 мл
110,Готовий сніданок 330г Start Веселий Роджер,49.60 грн/шт,330.0 г
111,Прокладки урологічні 15 шт Seni Lady extra,82.50 грн/шт,N/A шт
62,"Ковбаса 0,55 кг М'ясна лавка/Своя лінія Молочна ДСТУ вар вектор",86.90 грн/шт,55000.0 г
63,"Чай 45,5 г (4 смаки * 7 ф/п ) Tea Moments Asortment Moment у сашетах к/уп",42.90 грн/шт,5.0 г
64,Гель для чищення 1кг Сантри ONIKS,48.90 грн/шт,1000.0 г
65,Печиво 420 г Рошен Lovita Jelly зі смаком вишні м/уп,79.90 грн/шт,420.0 г
66,Печиво 95г Oрео з какао та кремовою начинкою ванільного смаку,25.50 грн/шт,95.0 г
67,Зерновий батончик 25 г АХА зі смаком йогурту та лісовими ягодами,8.20 грн/шт,25.0 г
68,Морозиво 450 г Три Ведмеді Vanilla&Caramel двошарове пласт/лоток,89.00 грн/шт,450.0 г
69,Рідке мило 300мл Duru морські мінерали та олія авакадо п/флакон,42.50 грн/шт,300.0 мл
70,Готовий сніданок 330г Start Веселий Роджер,49.60 грн/шт,330.0 г
71,Прокладки урологічні 15 шт Seni Lady extra,82.50 грн/шт,N/A шт
72,"Ковбаса 0,55 кг М'ясна лавка/Своя лінія Молочна ДСТУ вар вектор",86.90 грн/шт,55000.0 г
73,"Чай 45,5 г (4 смаки * 7 ф/п ) Tea Moments Asortment Moment у сашетах к/уп",42.90 грн/шт,5.0 г
74,Гель для чищення 1кг Сантри ONIKS,48.90 грн/шт,1000.0 г
75,Печиво 420 г Рошен Lovita Jelly зі смаком вишні м/уп,79.90 грн/шт,420.0 г
76,Печиво 95г Oрео з какао та кремовою начинкою ванільного смаку,25.50 грн/шт,95.0 г
77,Зерновий батончик 25 г АХА зі смаком йогурту та лісовими ягодами,8.20 грн/шт,25.0 г
78,Морозиво 450 г Три Ведмеді Vanilla&Caramel двошарове пласт/лоток,89.00 грн/шт,450.0 г
79,Рідке мило 300мл Duru морські мінерали та олія авакадо п/флакон,42.50 грн/шт,300.0 мл
80,Готовий сніданок 330г Start Веселий Роджер,49.60 грн/шт,330.0 г
81,Прокладки урологічні 15 шт Seni Lady extra,82.50 грн/шт,N/A шт
82,"Ковбаса 0,55 кг М'ясна лавка/Своя лінія Молочна ДСТУ вар вектор",86.90 грн/шт,55000.0 г
83,"Чай 45,5 г (4 смаки * 7 ф/п ) Tea Moments Asortment Moment у сашетах к/уп",42.90 грн/шт,5.0 г
84,Гель для чищення 1кг Сантри ONIKS,48.90 грн/шт,1000.0 г
85,Печиво 420 г Рошен Lovita Jelly зі смаком вишні м/уп,79.90 грн/шт,420.0 г
86,Печиво 95г Oрео з какао та кремовою начинкою ванільного смаку,25.50 грн/шт,95.0 г
87,Зерновий батончик 25 г АХА зі смаком йогурту та лісовими ягодами,8.20 грн/шт,25.0 г
88,Морозиво 450 г Три Ведмеді Vanilla&Caramel двошарове пласт/лоток,89.00 грн/шт,450.0 г
89,Рідке мило 300мл Duru морські мінерали та олія авакадо п/флакон,42.50 грн/шт,300.0 мл
90,Готовий сніданок 330г Start Веселий Роджер,49.60 грн/шт,330.0 г
91,Прокладки урологічні 15 шт Seni Lady extra,82.50 грн/шт,N/A шт
92,"Ковбаса 0,55 кг М'ясна лавка/Своя лінія Молочна ДСТУ вар вектор",86.90 грн/шт,55000.0 г
93,"Чай 45,5 г (4 смаки * 7 ф/п ) Tea Moments Asortment Moment у сашетах к/уп",42.90 грн/шт,5.0 г
94,Гель для чищення 1кг Сантри ONIKS,48.90 грн/шт,1000.0 г
95,Печиво 420 г Рошен Lovita Jelly зі смаком вишні м/уп,79.90 грн/шт,420.0 г
96,Печиво 95г Oрео з какао та кремовою начинкою ванільного смаку,25.50 грн/шт,95.0 г
97,Зерновий батончик 25 г АХА зі смаком йогурту та лісовими ягодами,8.20 грн/шт,25.0 г
98,Морозиво 450 г Три Ведмеді Vanilla&Caramel двошарове пласт/лоток,89.00 грн/шт,450.0 г
99,Рідке мило 300мл Duru морські мінерали та олія авакадо п/флакон,42.50 грн/шт,300.0 мл
100,Готовий сніданок 330г Start Веселий Роджер,49.60 грн/шт,330.0 г
101,Прокладки урологічні 15 шт Seni Lady extra,82.50 грн/шт,N/A шт
102,"Ковбаса 0,55 кг М'ясна лавка/Своя лінія Молочна ДСТУ вар вектор",86.90 грн/шт,55000.0 г
103,"Чай 45,5 г (4 смаки * 7 ф/п ) Tea Moments Asortment Moment у сашетах к/уп",42.90 грн/шт,5.0 г
104,Гель для чищення 1кг Сантри ONIKS,48.90 грн/шт,1000.0 г
105,Печиво 420 г Рошен Lovita Jelly зі смаком вишні м/уп,79.90 грн/шт,420.0 г
106,Печиво 95г Oрео з какао та кремовою начинкою ванільного смаку,25.50 грн/шт,95.0 г
107,Зерновий батончик 25 г АХА зі смаком йогурту та лісовими ягодами,8.20 грн/шт,25.0 г
108,Морозиво 450 г Три Ведмеді Vanilla&Caramel двошарове пласт/лоток,89.00 грн/шт,450.0 г
109,Рідке мило 300мл Duru морські мінерали та олія авакадо п/флакон,42.50 грн/шт,300.0 мл
110,Готовий сніданок 330г Start Веселий Роджер,49.60 грн/шт,330.0 г
111,Прокладки урологічні 15 шт Seni Lady extra,82.50 грн/шт,N/A шт
112,"Ковбаса 0,55 кг М'ясна лавка/Своя лінія Молочна ДСТУ вар вектор",86.90 грн/шт,55000.0 г
113,"Чай 45,5 г (4 смаки * 7 ф/п ) Tea Moments Asortment Moment у сашетах к/уп",42.90 грн/шт,5.0 г
114,Гель для чищення 1кг Сантри ONIKS,48.90 грн/шт,1000.0 г
115,Печиво 420 г Рошен Lovita Jelly зі смаком вишні м/уп,79.90 грн/шт,420.0 г
116,Печиво 95г Oрео з какао та кремовою начинкою ванільного смаку,25.50 грн/шт,95.0 г
117,Зерновий батончик 25 г АХА зі смаком йогурту та лісовими ягодами,8.20 грн/шт,25.0 г
118,Морозиво 450 г Три Ведмеді Vanilla&Caramel двошарове пласт/лоток,89.00 грн/шт,450.0 г
119,Рідке мило 300мл Duru морські мінерали та олія авакадо п/флакон,42.50 грн/шт,300.0 мл
120,Готовий сніданок 330г Start Веселий Роджер,49.60 грн/шт,330.0 г
121,Прокладки урологічні 15 шт Seni Lady extra,82.50 грн/шт,N/A шт
122,"Ковбаса 0,55 кг М'ясна лавка/Своя лінія Молочна ДСТУ вар вектор",86.90 грн/шт,55000.0 г
123,"Чай 45,5 г (4 смаки * 7 ф/п ) Tea Moments Asortment Moment у сашетах к/уп",42.90 грн/шт,5.0 г
124,Гель для чищення 1кг Сантри ONIKS,48.90 грн/шт,1000.0 г
125,Печиво 420 г Рошен Lovita Jelly зі смаком вишні м/уп,79.90 грн/шт,420.0 г
126,Печиво 95г Oрео з какао та кремовою начинкою ванільного смаку,25.50 грн/шт,95.0 г
127,Зерновий батончик 25 г АХА зі смаком йогурту та лісовими ягодами,8.20 грн/шт,25.0 г
128,Морозиво 450 г Три Ведмеді Vanilla&Caramel двошарове пласт/лоток,89.00 грн/шт,450.0 г
129,Рідке мило 300мл Duru морські мінерали та олія авакадо п/флакон,42.50 грн/шт,300.0 мл
130,Готовий сніданок 330г Start Веселий Роджер,49.60 грн/шт,330.0 г
131,Прокладки урологічні 15 шт Seni Lady extra,82.50 грн/шт,N/A шт
72,"Ковбаса 0,55 кг М'ясна лавка/Своя лінія Молочна ДСТУ вар вектор",86.90 грн/шт,55000.0 г
73,"Чай 45,5 г (4 смаки * 7 ф/п ) Tea Moments Asortment Moment у сашетах к/уп",42.90 грн/шт,5.0 г
74,Гель для чищення 1кг Сантри ONIKS,48.90 грн/шт,1000.0 г
75,Печиво 420 г Рошен Lovita Jelly зі смаком вишні м/уп,79.90 грн/шт,420.0 г
76,Печиво 95г Oрео з какао та кремовою начинкою ванільного смаку,25.50 грн/шт,95.0 г
77,Зерновий батончик 25 г АХА зі смаком йогурту та лісовими ягодами,8.20 грн/шт,25.0 г
78,Морозиво 450 г Три Ведмеді Vanilla&Caramel двошарове пласт/лоток,89.00 грн/шт,450.0 г
79,Рідке мило 300мл Duru морські мінерали та олія авакадо п/флакон,42.50 грн/шт,300.0 мл
80,Готовий сніданок 330г Start Веселий Роджер,49.60 грн/шт,330.0 г
81,Прокладки урологічні 15 шт Seni Lady extra,82.50 грн/шт,N/A шт
82,"Ковбаса 0,55 кг М'ясна лавка/Своя лінія Молочна ДСТУ вар вектор",86.90 грн/шт,55000.0 г
83,"Чай 45,5 г (4 смаки * 7 ф/п ) Tea Moments Asortment Moment у сашетах к/уп",42.90 грн/шт,5.0 г
84,Гель для чищення 1кг Сантри ONIKS,48.90 грн/шт,1000.0 г
85,Печиво 420 г Рошен Lovita Jelly зі смаком вишні м/уп,79.90 грн/шт,420.0 г
86,Печиво 95г Oрео з какао та кремовою начинкою ванільного смаку,25.50 грн/шт,95.0 г
87,Зерновий батончик 25 г АХА зі смаком йогурту та лісовими ягодами,8.20 грн/шт,25.0 г
88,Морозиво 450 г Три Ведмеді Vanilla&Caramel двошарове пласт/лоток,89.00 грн/шт,450.0 г
89,Рідке мило 300мл Duru морські мінерали та олія авакадо п/флакон,42.50 грн/шт,300.0 мл
90,Готовий сніданок 330г Start Веселий Роджер,49.60 грн/шт,330.0 г
91,Прокладки урологічні 15 шт Seni Lady extra,82.50 грн/шт,N/A шт
92,"Ковбаса 0,55 кг М'ясна лавка/Своя лінія Молочна ДСТУ вар вектор",86.90 грн/шт,55000.0 г
93,"Чай 45,5 г (4 смаки * 7 ф/п ) Tea Moments Asortment Moment у сашетах к/уп",42.90 грн/шт,5.0 г
94,Гель для чищення 1кг Сантри ONIKS,48.90 грн/шт,1000.0 г
95,Печиво 420 г Рошен Lovita Jelly зі смаком вишні м/уп,79.90 грн/шт,420.0 г
96,Печиво 95г Oрео з какао та кремовою начинкою ванільного смаку,25.50 грн/шт,95.0 г
97,Зерновий батончик 25 г АХА зі смаком йогурту та лісовими ягодами,8.20 грн/шт,25.0 г
98,Морозиво 450 г Три Ведмеді Vanilla&Caramel двошарове пласт/лоток,89.00 грн/шт,450.0 г
99,Рідке мило 300мл Duru морські мінерали та олія авакадо п/флакон,42.50 грн/шт,300.0 мл
100,Готовий сніданок 330г Start Веселий Роджер,49.60 грн/шт,330.0 г
101,Прокладки урологічні 15 шт Seni Lady extra,82.50 грн/шт,N/A шт
102,"Ковбаса 0,55 кг М'ясна лавка/Своя лінія Молочна ДСТУ вар вектор",86.90 грн/шт,55000.0 г
103,"Чай 45,5 г (4 смаки * 7 ф/п ) Tea Moments Asortment Moment у сашетах к/уп",42.90 грн/шт,5.0 г
104,Гель для чищення 1кг Сантри ONIKS,48.90 грн/шт,1000.0 г
105,Печиво 420 г Рошен Lovita Jelly зі смаком вишні м/уп,79.90 грн/шт,420.0 г
106,Печиво 95г Oрео з какао та кремовою начинкою ванільного смаку,25.50 грн/шт,95.0 г
107,Зерновий батончик 25 г АХА зі смаком йогурту та лісовими ягодами,8.20 грн/шт,25.0 г
108,Морозиво 450 г Три Ведмеді Vanilla&Caramel двошарове пласт/лоток,89.00 грн/шт,450.0 г
109,Рідке мило 300мл Duru морські мінерали та олія авакадо п/флакон,42.50 грн/шт,300.0 мл
110,Готовий сніданок 330г Start Веселий Роджер,49.60 грн/шт,330.0 г
111,Прокладки урологічні 15 шт Seni Lady extra,82.50 грн/шт,N/A шт
112,"Ковбаса 0,55 кг М'ясна лавка/Своя лінія Молочна ДСТУ вар вектор",86.90 грн/шт,55000.0 г
113,"Чай 45,5 г (4 смаки * 7 ф/п ) Tea Moments Asortment Moment у сашетах к/уп",42.90 грн/шт,5.0 г
114,Гель для чищення 1кг Сантри ONIKS,48.90 грн/шт,1000.0 г
115,Печиво 420 г Рошен Lovita Jelly зі смаком вишні м/уп,79.90 грн/шт,420.0 г
116,Печиво 95г Oрео з какао та кремовою начинкою ванільного смаку,25.50 грн/шт,95.0 г
117,Зерновий батончик 25 г АХА зі смаком йогурту та лісовими ягодами,8.20 грн/шт,25.0 г
118,Морозиво 450 г Три Ведмеді Vanilla&Caramel двошарове пласт/лоток,89.00 грн/шт,450.0 г
119,Рідке мило 300мл Duru морські мінерали та олія авакадо п/флакон,42.50 грн/шт,300.0 мл
120,Готовий сніданок 330г Start Веселий Роджер,49.60 грн/шт,330.0 г
121,Прокладки урологічні 15 шт Seni Lady extra,82.50 грн/шт,N/A шт
122,"Ковбаса 0,55 кг М'ясна лавка/Своя лінія Молочна ДСТУ вар вектор",86.90 грн/шт,55000.0 г
123,"Чай 45,5 г (4 смаки * 7 ф/п ) Tea Moments Asortment Moment у сашетах к/уп",42.90 грн/шт,5.0 г
124,Гель для чищення 1кг Сантри ONIKS,48.90 грн/шт,1000.0 г
125,Печиво 420 г Рошен Lovita Jelly зі смаком вишні м/уп,79.90 грн/шт,420.0 г
126,Печиво 95г Oрео з какао та кремовою начинкою ванільного смаку,25.50 грн/шт,95.0 г
127,Зерновий батончик 25 г АХА зі смаком йогурту та лісовими ягодами,8.20 грн/шт,25.0 г
128,Морозиво 450 г Три Ведмеді Vanilla&Caramel двошарове пласт/лоток,89.00 грн/шт,450.0 г
129,Рідке мило 300мл Duru морські мінерали та олія авакадо п/флакон,42.50 грн/шт,300.0 мл
130,Готовий сніданок 330г Start Веселий Роджер,49.60 грн/шт,330.0 г
131,Прокладки урологічні 15 шт Seni Lady extra,82.50 грн/шт,N/A шт
132,"Ковбаса 0,55 кг М'ясна лавка/Своя лінія Молочна ДСТУ вар вектор",86.90 грн/шт,55000.0 г
133,"Чай 45,5 г (4 смаки * 7 ф/п ) Tea Moments Asortment Moment у сашетах к/уп",42.90 грн/шт,5.0 г
134,Гель для чищення 1кг Сантри ONIKS,48.90 грн/шт,1000.0 г
135,Печиво 420 г Рошен Lovita Jelly зі смаком вишні м/уп,79.90 грн/шт,420.0 г
136,Печиво 95г Oрео з какао та кремовою начинкою ванільного смаку,25.50 грн/шт,95.0 г
137,Зерновий батончик 25 г АХА зі смаком йогурту та лісовими ягодами,8.20 грн/шт,25.0 г
138,Морозиво 450 г Три Ведмеді Vanilla&Caramel двошарове пласт/лоток,89.00 грн/шт,450.0 г
139,Рідке мило 300мл Duru морські мінерали та олія авакадо п/флакон,42.50 грн/шт,300.0 мл
140,Готовий сніданок 330г Start Веселий Роджер,49.60 грн/шт,330.0 г
141,Прокладки урологічні 15 шт Seni Lady extra,82.50 грн/шт,N/A шт
142,"Ковбаса 0,55 кг М'ясна лавка/Своя лінія Молочна ДСТУ вар вектор",86.90 грн/шт,55000.0 г
143,"Чай 45,5 г (4 смаки * 7 ф/п ) Tea Moments Asortment Moment у сашетах к/уп",42.90 грн/шт,5.0 г
144,Гель для чищення 1кг Сантри ONIKS,48.90 грн/шт,1000.0 г
145,Печиво 420 г Рошен Lovita Jelly зі смаком вишні м/уп,79.90 грн/шт,420.0 г
146,Печиво 95г Oрео з какао та кремовою начинкою ванільного смаку,25.50 грн/шт,95.0 г
147,Зерновий батончик 25 г АХА зі смаком йогурту та лісовими ягодами,8.20 грн/шт,25.0 г
148,Морозиво 450 г Три Ведмеді Vanilla&Caramel двошарове пласт/лоток,89.00 грн/шт,450.0 г
149,Рідке мило 300мл Duru морські мінерали та олія авакадо п/флакон,42.50 грн/шт,300.0 мл
150,Готовий сніданок 330г Start Веселий Роджер,49.60 грн/шт,330.0 г
151,Прокладки урологічні 15 шт Seni Lady extra,82.50 грн/шт,N/A шт
82,"Ковбаса 0,55 кг М'ясна лавка/Своя лінія Молочна ДСТУ вар вектор",86.90 грн/шт,55000.0 г
83,"Чай 45,5 г (4 смаки * 7 ф/п ) Tea Moments Asortment Moment у сашетах к/уп",42.90 грн/шт,5.0 г
84,Гель для чищення 1кг Сантри ONIKS,48.90 грн/шт,1000.0 г
85,Печиво 420 г Рошен Lovita Jelly зі смаком вишні м/уп,79.90 грн/шт,420.0 г
86,Печиво 95г Oрео з какао та кремовою начинкою ванільного смаку,25.50 грн/шт,95.0 г
87,Зерновий батончик 25 г АХА зі смаком йогурту та лісовими ягодами,8.20 грн/шт,25.0 г
88,Морозиво 450 г Три Ведмеді Vanilla&Caramel двошарове пласт/лоток,89.00 грн/шт,450.0 г
89,Рідке мило 300мл Duru морські мінерали та олія авакадо п/флакон,42.50 грн/шт,300.0 мл
90,Готовий сніданок 330г Start Веселий Роджер,49.60 грн/шт,330.0 г
91,Прокладки урологічні 15 шт Seni Lady extra,82.50 грн/шт,N/A шт
92,"Ковбаса 0,55 кг М'ясна лавка/Своя лінія Молочна ДСТУ вар вектор",86.90 грн/шт,55000.0 г
93,"Чай 45,5 г (4 смаки * 7 ф/п ) Tea Moments Asortment Moment у сашетах к/уп",42.90 грн/шт,5.0 г
94,Гель для чищення 1кг Сантри ONIKS,48.90 грн/шт,1000.0 г
95,Печиво 420 г Рошен Lovita Jelly зі смаком вишні м/уп,79.90 грн/шт,420.0 г
96,Печиво 95г Oрео з какао та кремовою начинкою ванільного смаку,25.50 грн/шт,95.0 г
97,Зерновий батончик 25 г АХА зі смаком йогурту та лісовими ягодами,8.20 грн/шт,25.0 г
98,Морозиво 450 г Три Ведмеді Vanilla&Caramel двошарове пласт/лоток,89.00 грн/шт,450.0 г
99,Рідке мило 300мл Duru морські мінерали та олія авакадо п/флакон,42.50 грн/шт,300.0 мл
100,Готовий сніданок 330г Start Веселий Роджер,49.60 грн/шт,330.0 г
101,Прокладки урологічні 15 шт Seni Lady extra,82.50 грн/шт,N/A шт
102,"Ковбаса 0,55 кг М'ясна лавка/Своя лінія Молочна ДСТУ вар вектор",86.90 грн/шт,55000.0 г
103,"Чай 45,5 г (4 смаки * 7 ф/п ) Tea Moments Asortment Moment у сашетах к/уп",42.90 грн/шт,5.0 г
104,Гель для чищення 1кг Сантри ONIKS,48.90 грн/шт,1000.0 г
105,Печиво 420 г Рошен Lovita Jelly зі смаком вишні м/уп,79.90 грн/шт,420.0 г
106,Печиво 95г Oрео з какао та кремовою начинкою ванільного смаку,25.50 грн/шт,95.0 г
107,Зерновий батончик 25 г АХА зі смаком йогурту та лісовими ягодами,8.20 грн/шт,25.0 г
108,Морозиво 450 г Три Ведмеді Vanilla&Caramel двошарове пласт/лоток,89.00 грн/шт,450.0 г
109,Рідке мило 300мл Duru морські мінерали та олія авакадо п/флакон,42.50 грн/шт,300.0 мл
110,Готовий сніданок 330г Start Веселий Роджер,49.60 грн/шт,330.0 г
111,Прокладки урологічні 15 шт Seni Lady extra,82.50 грн/шт,N/A шт
112,"Ковбаса 0,55 кг М'ясна лавка/Своя лінія Молочна ДСТУ вар вектор",86.90 грн/шт,55000.0 г
113,"Чай 45,5 г (4 смаки * 7 ф/п ) Tea Moments Asortment Moment у сашетах к/уп",42.90 грн/шт,5.0 г
114,Гель для чищення 1кг Сантри ONIKS,48.90 грн/шт,1000.0 г
115,Печиво 420 г Рошен Lovita Jelly зі смаком вишні м/уп,79.90 грн/шт,420.0 г
116,Печиво 95г Oрео з какао та кремовою начинкою ванільного смаку,25.50 грн/шт,95.0 г
117,Зерновий батончик 25 г АХА зі смаком йогурту та лісовими ягодами,8.20 грн/шт,25.0 г
118,Морозиво 450 г Три Ведмеді Vanilla&Caramel двошарове пласт/лоток,89.00 грн/шт,450.0 г
119,Рідке мило 300мл Duru морські мінерали та олія авакадо п/флакон,42.50 грн/шт,300.0 мл
120,Готовий сніданок 330г Start Веселий Роджер,49.60 грн/шт,330.0 г
121,Прокладки урологічні 15 шт Seni Lady extra,82.50 грн/шт,N/A шт
122,"Ковбаса 0,55 кг М'ясна лавка/Своя лінія Молочна ДСТУ вар вектор",86.90 грн/шт,55000.0 г
123,"Чай 45,5 г (4 смаки * 7 ф/п ) Tea Moments Asortment Moment у сашетах к/уп",42.90 грн/шт,5.0 г
124,Гель для чищення 1кг Сантри ONIKS,48.90 грн/шт,1000.0 г
125,Печиво 420 г Рошен Lovita Jelly зі смаком вишні м/уп,79.90 грн/шт,420.0 г
126,Печиво 95г Oрео з какао та кремовою начинкою ванільного смаку,25.50 грн/шт,95.0 г
127,Зерновий батончик 25 г АХА зі смаком йогурту та лісовими ягодами,8.20 грн/шт,25.0 г
128,Морозиво 450 г Три Ведмеді Vanilla&Caramel двошарове пласт/лоток,89.00 грн/шт,450.0 г
129,Рідке мило 300мл Duru морські мінерали та олія авакадо п/флакон,42.50 грн/шт,300.0 мл
130,Готовий сніданок 330г Start Веселий Роджер,49.60 грн/шт,330.0 г
131,Прокладки урологічні 15 шт Seni Lady extra,82.50 грн/шт,N/A шт
132,"Ковбаса 0,55 кг М'ясна лавка/Своя лінія Молочна ДСТУ вар вектор",86.90 грн/шт,55000.0 г
133,"Чай 45,5 г (4 смаки * 7 ф/п ) Tea Moments Asortment Moment у сашетах к/уп",42.90 грн/шт,5.0 г
134,Гель для чищення 1кг Сантри ONIKS,48.90 грн/шт,1000.0 г
135,Печиво 420 г Рошен Lovita Jelly зі смаком вишні м/уп,79.90 грн/шт,420.0 г
136,Печиво 95г Oрео з какао та кремовою начинкою ванільного смаку,25.50 грн/шт,95.0 г
137,Зерновий батончик 25 г АХА зі смаком йогурту та лісовими ягодами,8.20 грн/шт,25.0 г
138,Морозиво 450 г Три Ведмеді Vanilla&Caramel двошарове пласт/лоток,89.00 грн/шт,450.0 г
139,Рідке мило 300мл Duru морські мінерали та олія авакадо п/флакон,42.50 грн/шт,300.0 мл
140,Готовий сніданок 330г Start Веселий Роджер,49.60 грн/шт,330.0 г
141,Прокладки урологічні 15 шт Seni Lady extra,82.50 грн/шт,N/A шт
142,"Ковбаса 0,55 кг М'ясна лавка/Своя лінія Молочна ДСТУ вар вектор",86.90 грн/шт,55000.0 г
143,"Чай 45,5 г (4 смаки * 7 ф/п ) Tea Moments Asortment Moment у сашетах к/уп",42.90 грн/шт,5.0 г
144,Гель для чищення 1кг Сантри ONIKS,48.90 грн/шт,1000.0 г
145,Печиво 420 г Рошен Lovita Jelly зі смаком вишні м/уп,79.90 грн/шт,420.0 г
146,Печиво 95г Oрео з какао та кремовою начинкою ванільного смаку,25.50 грн/шт,95.0 г
147,Зерновий батончик 25 г АХА зі смаком йогурту та лісовими ягодами,8.20 грн/шт,25.0 г
148,Морозиво 450 г Три Ведмеді Vanilla&Caramel двошарове пласт/лоток,89.00 грн/шт,450.0 г
149,Рідке мило 300мл Duru морські мінерали та олія авакадо п/флакон,42.50 грн/шт,300.0 мл
150,Готовий сніданок 330г Start Веселий Роджер,49.60 грн/шт,330.0 г
151,Прокладки урологічні 15 шт Seni Lady extra,82.50 грн/шт,N/A шт
152,"Ковбаса 0,55 кг М'ясна лавка/Своя лінія Молочна ДСТУ вар вектор",86.90 грн/шт,55000.0 г
153,"Чай 45,5 г (4 смаки * 7 ф/п ) Tea Moments Asortment Moment у сашетах к/уп",42.90 грн/шт,5.0 г
154,Гель для чищення 1кг Сантри ONIKS,48.90 грн/шт,1000.0 г
155,Печиво 420 г Рошен Lovita Jelly зі смаком вишні м/уп,79.90 грн/шт,420.0 г
156,Печиво 95г Oрео з какао та кремовою начинкою ванільного смаку,25.50 грн/шт,95.0 г
157,Зерновий батончик 25 г АХА зі смаком йогурту та лісовими ягодами,8.20 грн/шт,25.0 г
158,Морозиво 450 г Три Ведмеді Vanilla&Caramel двошарове пласт/лоток,89.00 грн/шт,450.0 г
159,Рідке мило 300мл Duru морські мінерали та олія авакадо п/флакон,42.50 грн/шт,300.0 мл
160,Готовий сніданок 330г Start Веселий Роджер,49.60 грн/шт,330.0 г
161,Прокладки урологічні 15 шт Seni Lady extra,82.50 грн/шт,N/A шт
162,"Ковбаса 0,55 кг М'ясна лавка/Своя лінія Молочна ДСТУ вар вектор",86.90 грн/шт,55000.0 г
163,"Чай 45,5 г (4 смаки * 7 ф/п ) Tea Moments Asortment Moment у сашетах к/уп",42.90 грн/шт,5.0 г
164,Гель для чищення 1кг Сантри ONIKS,48.90 грн/шт,1000.0 г
165,Печиво 420 г Рошен Lovita Jelly зі смаком вишні м/уп,79.90 грн/шт,420.0 г
166,Печиво 95г Oрео з какао та кремовою начинкою ванільного смаку,25.50 грн/шт,95.0 г
167,Зерновий батончик 25 г АХА зі смаком йогурту та лісовими ягодами,8.20 грн/шт,25.0 г
168,Морозиво 450 г Три Ведмеді Vanilla&Caramel двошарове пласт/лоток,89.00 грн/шт,450.0 г
169,Рідке мило 300мл Duru морські мінерали та олія авакадо п/флакон,42.50 грн/шт,300.0 мл
170,Готовий сніданок 330г Start Веселий Роджер,49.60 грн/шт,330.0 г
171,Прокладки урологічні 15 шт Seni Lady extra,82.50 грн/шт,N/A шт
92,"Ковбаса 0,55 кг М'ясна лавка/Своя лінія Молочна ДСТУ вар вектор",86.90 грн/шт,55000.0 г
93,"Чай 45,5 г (4 смаки * 7 ф/п ) Tea Moments Asortment Moment у сашетах к/уп",42.90 грн/шт,5.0 г
94,Гель для чищення 1кг Сантри ONIKS,48.90 грн/шт,1000.0 г
95,Печиво 420 г Рошен Lovita Jelly зі смаком вишні м/уп,79.90 грн/шт,420.0 г
96,Печиво 95г Oрео з какао та кремовою начинкою ванільного смаку,25.50 грн/шт,95.0 г
97,Зерновий батончик 25 г АХА зі смаком йогурту та лісовими ягодами,8.20 грн/шт,25.0 г
98,Морозиво 450 г Три Ведмеді Vanilla&Caramel двошарове пласт/лоток,89.00 грн/шт,450.0 г
99,Рідке мило 300мл Duru морські мінерали та олія авакадо п/флакон,42.50 грн/шт,300.0 мл
100,Готовий сніданок 330г Start Веселий Роджер,49.60 грн/шт,330.0 г
101,Прокладки урологічні 15 шт Seni Lady extra,82.50 грн/шт,N/A шт
102,"Ковбаса 0,55 кг М'ясна лавка/Своя лінія Молочна ДСТУ вар вектор",86.90 грн/шт,55000.0 г
103,"Чай 45,5 г (4 смаки * 7 ф/п ) Tea Moments Asortment Moment у сашетах к/уп",42.90 грн/шт,5.0 г
104,Гель для чищення 1кг Сантри ONIKS,48.90 грн/шт,1000.0 г
105,Печиво 420 г Рошен Lovita Jelly зі смаком вишні м/уп,79.90 грн/шт,420.0 г
106,Печиво 95г Oрео з какао та кремовою начинкою ванільного смаку,25.50 грн/шт,95.0 г
107,Зерновий батончик 25 г АХА зі смаком йогурту та лісовими ягодами,8.20 грн/шт,25.0 г
108,Морозиво 450 г Три Ведмеді Vanilla&Caramel двошарове пласт/лоток,89.00 грн/шт,450.0 г
109,Рідке мило 300мл Duru морські мінерали та олія авакадо п/флакон,42.50 грн/шт,300.0 мл
110,Готовий сніданок 330г Start Веселий Роджер,49.60 грн/шт,330.0 г
111,Прокладки урологічні 15 шт Seni Lady extra,82.50 грн/шт,N/A шт
112,"Ковбаса 0,55 кг М'ясна лавка/Своя лінія Молочна ДСТУ вар вектор",86.90 грн/шт,55000.0 г
113,"Чай 45,5 г (4 смаки * 7 ф/п ) Tea Moments Asortment Moment у сашетах к/уп",42.90 грн/шт,5.0 г
114,Гель для чищення 1кг Сантри ONIKS,48.90 грн/шт,1000.0 г
115,Печиво 420 г Рошен Lovita Jelly зі смаком вишні м/уп,79.90 грн/шт,420.0 г
116,Печиво 95г Oрео з какао та кремовою начинкою ванільного смаку,25.50 грн/шт,95.0 г
117,Зерновий батончик 25 г АХА зі смаком йогурту та лісовими ягодами,8.20 грн/шт,25.0 г
118,Морозиво 450 г Три Ведмеді Vanilla&Caramel двошарове пласт/лоток,89.00 грн/шт,450.0 г
119,Рідке мило 300мл Duru морські мінерали та олія авакадо п/флакон,42.50 грн/шт,300.0 мл
120,Готовий сніданок 330г Start Веселий Роджер,49.60 грн/шт,330.0 г
121,Прокладки урологічні 15 шт Seni Lady extra,82.50 грн/шт,N/A шт
122,"Ковбаса 0,55 кг М'ясна лавка/Своя лінія Молочна ДСТУ вар вектор",86.90 грн/шт,55000.0 г
123,"Чай 45,5 г (4 смаки * 7 ф/п ) Tea Moments Asortment Moment у сашетах к/уп",42.90 грн/шт,5.0 г
124,Гель для чищення 1кг Сантри ONIKS,48.90 грн/шт,1000.0 г
125,Печиво 420 г Рошен Lovita Jelly зі смаком вишні м/уп,79.90 грн/шт,420.0 г
126,Печиво 95г Oрео з какао та кремовою начинкою ванільного смаку,25.50 грн/шт,95.0 г
127,Зерновий батончик 25 г АХА зі смаком йогурту та лісовими ягодами,8.20 грн/шт,25.0 г
128,Морозиво 450 г Три Ведмеді Vanilla&Caramel двошарове пласт/лоток,89.00 грн/шт,450.0 г
129,Рідке мило 300мл Duru морські мінерали та олія авакадо п/флакон,42.50 грн/шт,300.0 мл
130,Готовий сніданок 330г Start Веселий Роджер,49.60 грн/шт,330.0 г
131,Прокладки урологічні 15 шт Seni Lady extra,82.50 грн/шт,N/A шт
132,"Ковбаса 0,55 кг М'ясна лавка/Своя лінія Молочна ДСТУ вар вектор",86.90 грн/шт,55000.0 г
133,"Чай 45,5 г (4 смаки * 7 ф/п ) Tea Moments Asortment Moment у сашетах к/уп",42.90 грн/шт,5.0 г
134,Гель для чищення 1кг Сантри ONIKS,48.90 грн/шт,1000.0 г
135,Печиво 420 г Рошен Lovita Jelly зі смаком вишні м/уп,79.90 грн/шт,420.0 г
136,Печиво 95г Oрео з какао та кремовою начинкою ванільного смаку,25.50 грн/шт,95.0 г
137,Зерновий батончик 25 г АХА зі смаком йогурту та лісовими ягодами,8.20 грн/шт,25.0 г
138,Морозиво 450 г Три Ведмеді Vanilla&Caramel двошарове пласт/лоток,89.00 грн/шт,450.0 г
139,Рідке мило 300мл Duru морські мінерали та олія авакадо п/флакон,42.50 грн/шт,300.0 мл
140,Готовий сніданок 330г Start Веселий Роджер,49.60 грн/шт,330.0 г
141,Прокладки урологічні 15 шт Seni Lady extra,82.50 грн/шт,N/A шт
142,"Ковбаса 0,55 кг М'ясна лавка/Своя лінія Молочна ДСТУ вар вектор",86.90 грн/шт,55000.0 г
143,"Чай 45,5 г (4 смаки * 7 ф/п ) Tea Moments Asortment Moment у сашетах к/уп",42.90 грн/шт,5.0 г
144,Гель для чищення 1кг Сантри ONIKS,48.90 грн/шт,1000.0 г
145,Печиво 420 г Рошен Lovita Jelly зі смаком вишні м/уп,79.90 грн/шт,420.0 г
146,Печиво 95г Oрео з какао та кремовою начинкою ванільного смаку,25.50 грн/шт,95.0 г
147,Зерновий батончик 25 г АХА зі смаком йогурту та лісовими ягодами,8.20 грн/шт,25.0 г
148,Морозиво 450 г Три Ведмеді Vanilla&Caramel двошарове пласт/лоток,89.00 грн/шт,450.0 г
149,Рідке мило 300мл Duru морські мінерали та олія авакадо п/флакон,42.50 грн/шт,300.0 мл
150,Готовий сніданок 330г Start Веселий Роджер,49.60 грн/шт,330.0 г
151,Прокладки урологічні 15 шт Seni Lady extra,82.50 грн/шт,N/A шт
152,"Ковбаса 0,55 кг М'ясна лавка/Своя лінія Молочна ДСТУ вар вектор",86.90 грн/шт,55000.0 г
153,"Чай 45,5 г (4 смаки * 7 ф/п ) Tea Moments Asortment Moment у сашетах к/уп",42.90 грн/шт,5.0 г
154,Гель для чищення 1кг Сантри ONIKS,48.90 грн/шт,1000.0 г
155,Печиво 420 г Рошен Lovita Jelly зі смаком вишні м/уп,79.90 грн/шт,420.0 г
156,Печиво 95г Oрео з какао та кремовою начинкою ванільного смаку,25.50 грн/шт,95.0 г
157,Зерновий батончик 25 г АХА зі смаком йогурту та лісовими ягодами,8.20 грн/шт,25.0 г
158,Морозиво 450 г Три Ведмеді Vanilla&Caramel двошарове пласт/лоток,89.00 грн/шт,450.0 г
159,Рідке мило 300мл Duru морські мінерали та олія авакадо п/флакон,42.50 грн/шт,300.0 мл
160,Готовий сніданок 330г Start Веселий Роджер,49.60 грн/шт,330.0 г
161,Прокладки урологічні 15 шт Seni Lady extra,82.50 грн/шт,N/A шт
162,"Ковбаса 0,55 кг М'ясна лавка/Своя лінія Молочна ДСТУ вар вектор",86.90 грн/шт,55000.0 г
163,"Чай 45,5 г (4 смаки * 7 ф/п ) Tea Moments Asortment Moment у сашетах к/уп",42.90 грн/шт,5.0 г
164,Гель для чищення 1кг Сантри ONIKS,48.90 грн/шт,1000.0 г
165,Печиво 420 г Рошен Lovita Jelly зі смаком вишні м/уп,79.90 грн/шт,420.0 г
166,Печиво 95г Oрео з какао та кремовою начинкою ванільного смаку,25.50 грн/шт,95.0 г
167,Зерновий батончик 25 г АХА зі смаком йогурту та лісовими ягодами,8.20 грн/шт,25.0 г
168,Морозиво 450 г Три Ведмеді Vanilla&Caramel двошарове пласт/лоток,89.00 грн/шт,450.0 г
169,Рідке мило 300мл Duru морські мінерали та олія авакадо п/флакон,42.50 грн/шт,300.0 мл
170,Готовий сніданок 330г Start Веселий Роджер,49.60 грн/шт,330.0 г
171,Прокладки урологічні 15 шт Seni Lady extra,82.50 грн/шт,N/A шт
172,"Ковбаса 0,55 кг М'ясна лавка/Своя лінія Молочна ДСТУ вар вектор",86.90 грн/шт,55000.0 г
173,"Чай 45,5 г (4 смаки * 7 ф/п ) Tea Moments Asortment Moment у сашетах к/уп",42.90 грн/шт,5.0 г
174,Гель для чищення 1кг Сантри ONIKS,48.90 грн/шт,1000.0 г
175,Печиво 420 г Рошен Lovita Jelly зі смаком вишні м/уп,79.90 грн/шт,420.0 г
176,Печиво 95г Oрео з какао та кремовою начинкою ванільного смаку,25.50 грн/шт,95.0 г
177,Зерновий батончик 25 г АХА зі смаком йогурту та лісовими ягодами,8.20 грн/шт,25.0 г
178,Морозиво 450 г Три Ведмеді Vanilla&Caramel двошарове пласт/лоток,89.00 грн/шт,450.0 г
179,Рідке мило 300мл Duru морські мінерали та олія авакадо п/флакон,42.50 грн/шт,300.0 мл
180,Готовий сніданок 330г Start Веселий Роджер,49.60 грн/шт,330.0 г
181,Прокладки урологічні 15 шт Seni Lady extra,82.50 грн/шт,N/A шт
182,"Ковбаса 0,55 кг М'ясна лавка/Своя лінія Молочна ДСТУ вар вектор",86.90 грн/шт,55000.0 г
183,"Чай 45,5 г (4 смаки * 7 ф/п ) Tea Moments Asortment Moment у сашетах к/уп",42.90 грн/шт,5.0 г
184,Гель для чищення 1кг Сантри ONIKS,48.90 грн/шт,1000.0 г
185,Печиво 420 г Рошен Lovita Jelly зі смаком вишні м/уп,79.90 грн/шт,420.0 г
186,Печиво 95г Oрео з какао та кремовою начинкою ванільного смаку,25.50 грн/шт,95.0 г
187,Зерновий батончик 25 г АХА зі смаком йогурту та лісовими ягодами,8.20 грн/шт,25.0 г
188,Морозиво 450 г Три Ведмеді Vanilla&Caramel двошарове пласт/лоток,89.00 грн/шт,450.0 г
189,Рідке мило 300мл Duru морські мінерали та олія авакадо п/флакон,42.50 грн/шт,300.0 мл
190,Готовий сніданок 330г Start Веселий Роджер,49.60 грн/шт,330.0 г
191,Прокладки урологічні 15 шт Seni Lady extra,82.50 грн/шт,N/A шт
102,"Ковбаса 0,55 кг М'ясна лавка/Своя лінія Молочна ДСТУ вар вектор",86.90 грн/шт,55000.0 г
103,"Чай 45,5 г (4 смаки * 7 ф/п ) Tea Moments Asortment Moment у сашетах к/уп",42.90 грн/шт,5.0 г
104,Гель для чищення 1кг Сантри ONIKS,48.90 грн/шт,1000.0 г
105,Печиво 420 г Рошен Lovita Jelly зі смаком вишні м/уп,79.90 грн/шт,420.0 г
106,Печиво 95г Oрео з какао та кремовою начинкою ванільного смаку,25.50 грн/шт,95.0 г
107,Зерновий батончик 25 г АХА зі смаком йогурту та лісовими ягодами,8.20 грн/шт,25.0 г
108,Морозиво 450 г Три Ведмеді Vanilla&Caramel двошарове пласт/лоток,89.00 грн/шт,450.0 г
109,Рідке мило 300мл Duru морські мінерали та олія авакадо п/флакон,42.50 грн/шт,300.0 мл
110,Готовий сніданок 330г Start Веселий Роджер,49.60 грн/шт,330.0 г
111,Прокладки урологічні 15 шт Seni Lady extra,82.50 грн/шт,N/A шт
112,"Ковбаса 0,55 кг М'ясна лавка/Своя лінія Молочна ДСТУ вар вектор",86.90 грн/шт,55000.0 г
113,"Чай 45,5 г (4 смаки * 7 ф/п ) Tea Moments Asortment Moment у сашетах к/уп",42.90 грн/шт,5.0 г
114,Гель для чищення 1кг Сантри ONIKS,48.90 грн/шт,1000.0 г
115,Печиво 420 г Рошен Lovita Jelly зі смаком вишні м/уп,79.90 грн/шт,420.0 г
116,Печиво 95г Oрео з какао та кремовою начинкою ванільного смаку,25.50 грн/шт,95.0 г
117,Зерновий батончик 25 г АХА зі смаком йогурту та лісовими ягодами,8.20 грн/шт,25.0 г
118,Морозиво 450 г Три Ведмеді Vanilla&Caramel двошарове пласт/лоток,89.00 грн/шт,450.0 г
119,Рідке мило 300мл Duru морські мінерали та олія авакадо п/флакон,42.50 грн/шт,300.0 мл
120,Готовий сніданок 330г Start Веселий Роджер,49.60 грн/шт,330.0 г
121,Прокладки урологічні 15 шт Seni Lady extra,82.50 грн/шт,N/A шт
122,"Ковбаса 0,55 кг М'ясна лавка/Своя лінія Молочна ДСТУ вар вектор",86.90 грн/шт,55000.0 г
123,"Чай 45,5 г (4 смаки * 7 ф/п ) Tea Moments Asortment Moment у сашетах к/уп",42.90 грн/шт,5.0 г
124,Гель для чищення 1кг Сантри ONIKS,48.90 грн/шт,1000.0 г
125,Печиво 420 г Рошен Lovita Jelly зі смаком вишні м/уп,79.90 грн/шт,420.0 г
126,Печиво 95г Oрео з какао та кремовою начинкою ванільного смаку,25.50 грн/шт,95.0 г
127,Зерновий батончик 25 г АХА зі смаком йогурту та лісовими ягодами,8.20 грн/шт,25.0 г
128,Морозиво 450 г Три Ведмеді Vanilla&Caramel двошарове пласт/лоток,89.00 грн/шт,450.0 г
129,Рідке мило 300мл Duru морські мінерали та олія авакадо п/флакон,42.50 грн/шт,300.0 мл
130,Готовий сніданок 330г Start Веселий Роджер,49.60 грн/шт,330.0 г
131,Прокладки урологічні 15 шт Seni Lady extra,82.50 грн/шт,N/A шт
132,"Ковбаса 0,55 кг М'ясна лавка/Своя лінія Молочна ДСТУ вар вектор",86.90 грн/шт,55000.0 г
133,"Чай 45,5 г (4 смаки * 7 ф/п ) Tea Moments Asortment Moment у сашетах к/уп",42.90 грн/шт,5.0 г
134,Гель для чищення 1кг Сантри ONIKS,48.90 грн/шт,1000.0 г
135,Печиво 420 г Рошен Lovita Jelly зі смаком вишні м/уп,79.90 грн/шт,420.0 г
136,Печиво 95г Oрео з какао та кремовою начинкою ванільного смаку,25.50 грн/шт,95.0 г
137,Зерновий батончик 25 г АХА зі смаком йогурту та лісовими ягодами,8.20 грн/шт,25.0 г
138,Морозиво 450 г Три Ведмеді Vanilla&Caramel двошарове пласт/лоток,89.00 грн/шт,450.0 г
139,Рідке мило 300мл Duru морські мінерали та олія авакадо п/флакон,42.50 грн/шт,300.0 мл
140,Готовий сніданок 330г Start Веселий Роджер,49.60 грн/шт,330.0 г
141,Прокладки урологічні 15 шт Seni Lady extra,82.50 грн/шт,N/A шт
142,"Ковбаса 0,55 кг М'ясна лавка/Своя лінія Молочна ДСТУ вар вектор",86.90 грн/шт,55000.0 г
143,"Чай 45,5 г (4 смаки * 7 ф/п ) Tea Moments Asortment Moment у сашетах к/уп",42.90 грн/шт,5.0 г
144,Гель для чищення 1кг Сантри ONIKS,48.90 грн/шт,1000.0 г
145,Печиво 420 г Рошен Lovita Jelly зі смаком вишні м/уп,79.90 грн/шт,420.0 г
146,Печиво 95г Oрео з какао та кремовою начинкою ванільного смаку,25.50 грн/шт,95.0 г
147,Зерновий батончик 25 г АХА зі смаком йогурту та лісовими ягодами,8.20 грн/шт,25.0 г
148,Морозиво 450 г Три Ведмеді Vanilla&Caramel двошарове пласт/лоток,89.00 грн/шт,450.0 г
149,Рідке мило 300мл Duru морські мінерали та олія авакадо п/флакон,42.50 грн/шт,300.0 мл
150,Готовий сніданок 330г Start Веселий Роджер,49.60 грн/шт,330.0 г
151,Прокладки урологічні 15 шт Seni Lady extra,82.50 грн/шт,N/A шт
152,"Ковбаса 0,55 кг М'ясна лавка/Своя лінія Молочна ДСТУ вар вектор",86.90 грн/шт,55000.0 г
153,"Чай 45,5 г (4 смаки * 7 ф/п ) Tea Moments Asortment Moment у сашетах к/уп",42.90 грн/шт,5.0 г
154,Гель для чищення 1кг Сантри ONIKS,48.90 грн/шт,1000.0 г
155,Печиво 420 г Рошен Lovita Jelly зі смаком вишні м/уп,79.90 грн/шт,420.0 г
156,Печиво 95г Oрео з какао та кремовою начинкою ванільного смаку,25.50 грн/шт,95.0 г
157,Зерновий батончик 25 г АХА зі смаком йогурту та лісовими ягодами,8.20 грн/шт,25.0 г
158,Морозиво 450 г Три Ведмеді Vanilla&Caramel двошарове пласт/лоток,89.00 грн/шт,450.0 г
159,Рідке мило 300мл Duru морські мінерали та олія авакадо п/флакон,42.50 грн/шт,300.0 мл
160,Готовий сніданок 330г Start Веселий Роджер,49.60 грн/шт,330.0 г
161,Прокладки урологічні 15 шт Seni Lady extra,82.50 грн/шт,N/A шт
162,"Ковбаса 0,55 кг М'ясна лавка/Своя лінія Молочна ДСТУ вар вектор",86.90 грн/шт,55000.0 г
163,"Чай 45,5 г (4 смаки * 7 ф/п ) Tea Moments Asortment Moment у сашетах к/уп",42.90 грн/шт,5.0 г
164,Гель для чищення 1кг Сантри ONIKS,48.90 грн/шт,1000.0 г
165,Печиво 420 г Рошен Lovita Jelly зі смаком вишні м/уп,79.90 грн/шт,420.0 г
166,Печиво 95г Oрео з какао та кремовою начинкою ванільного смаку,25.50 грн/шт,95.0 г
167,Зерновий батончик 25 г АХА зі смаком йогурту та лісовими ягодами,8.20 грн/шт,25.0 г
168,Морозиво 450 г Три Ведмеді Vanilla&Caramel двошарове пласт/лоток,89.00 грн/шт,450.0 г
169,Рідке мило 300мл Duru морські мінерали та олія авакадо п/флакон,42.50 грн/шт,300.0 мл
170,Готовий сніданок 330г Start Веселий Роджер,49.60 грн/шт,330.0 г
171,Прокладки урологічні 15 шт Seni Lady extra,82.50 грн/шт,N/A шт
172,"Ковбаса 0,55 кг М'ясна лавка/Своя лінія Молочна ДСТУ вар вектор",86.90 грн/шт,55000.0 г
173,"Чай 45,5 г (4 смаки * 7 ф/п ) Tea Moments Asortment Moment у сашетах к/уп",42.90 грн/шт,5.0 г
174,Гель для чищення 1кг Сантри ONIKS,48.90 грн/шт,1000.0 г
175,Печиво 420 г Рошен Lovita Jelly зі смаком вишні м/уп,79.90 грн/шт,420.0 г
176,Печиво 95г Oрео з какао та кремовою начинкою ванільного смаку,25.50 грн/шт,95.0 г
177,Зерновий батончик 25 г АХА зі смаком йогурту та лісовими ягодами,8.20 грн/шт,25.0 г
178,Морозиво 450 г Три Ведмеді Vanilla&Caramel двошарове пласт/лоток,89.00 грн/шт,450.0 г
179,Рідке мило 300мл Duru морські мінерали та олія авакадо п/флакон,42.50 грн/шт,300.0 мл
180,Готовий сніданок 330г Start Веселий Роджер,49.60 грн/шт,330.0 г
181,Прокладки урологічні 15 шт Seni Lady extra,82.50 грн/шт,N/A шт
182,"Ковбаса 0,55 кг М'ясна лавка/Своя лінія Молочна ДСТУ вар вектор",86.90 грн/шт,55000.0 г
183,"Чай 45,5 г (4 смаки * 7 ф/п ) Tea Moments Asortment Moment у сашетах к/уп",42.90 грн/шт,5.0 г
184,Гель для чищення 1кг Сантри ONIKS,48.90 грн/шт,1000.0 г
185,Печиво 420 г Рошен Lovita Jelly зі смаком вишні м/уп,79.90 грн/шт,420.0 г
186,Печиво 95г Oрео з какао та кремовою начинкою ванільного смаку,25.50 грн/шт,95.0 г
187,Зерновий батончик 25 г АХА зі смаком йогурту та лісовими ягодами,8.20 грн/шт,25.0 г
188,Морозиво 450 г Три Ведмеді Vanilla&Caramel двошарове пласт/лоток,89.00 грн/шт,450.0 г
189,Рідке мило 300мл Duru морські мінерали та олія авакадо п/флакон,42.50 грн/шт,300.0 мл
190,Готовий сніданок 330г Start Веселий Роджер,49.60 грн/шт,330.0 г
191,Прокладки урологічні 15 шт Seni Lady extra,82.50 грн/шт,N/A шт
192,"Ковбаса 0,55 кг М'ясна лавка/Своя лінія Молочна ДСТУ вар вектор",86.90 грн/шт,55000.0 г
193,"Чай 45,5 г (4 смаки * 7 ф/п ) Tea Moments Asortment Moment у сашетах к/уп",42.90 грн/шт,5.0 г
194,Гель для чищення 1кг Сантри ONIKS,48.90 грн/шт,1000.0 г
195,Печиво 420 г Рошен Lovita Jelly зі смаком вишні м/уп,79.90 грн/шт,420.0 г
196,Печиво 95г Oрео з какао та кремовою начинкою ванільного смаку,25.50 грн/шт,95.0 г
197,Зерновий батончик 25 г АХА зі смаком йогурту та лісовими ягодами,8.20 грн/шт,25.0 г
198,Морозиво 450 г Три Ведмеді Vanilla&Caramel двошарове пласт/лоток,89.00 грн/шт,450.0 г
199,Рідке мило 300мл Duru морські мінерали та олія авакадо п/флакон,42.50 грн/шт,300.0 мл
200,Готовий сніданок 330г Start Веселий Роджер,49.60 грн/шт,330.0 г
201,Прокладки урологічні 15 шт Seni Lady extra,82.50 грн/шт,N/A шт
202,"Ковбаса 0,55 кг М'ясна лавка/Своя лінія Молочна ДСТУ вар вектор",86.90 грн/шт,55000.0 г
203,"Чай 45,5 г (4 смаки * 7 ф/п ) Tea Moments Asortment Moment у сашетах к/уп",42.90 грн/шт,5.0 г
204,Гель для чищення 1кг Сантри ONIKS,48.90 грн/шт,1000.0 г
205,Печиво 420 г Рошен Lovita Jelly зі смаком вишні м/уп,79.90 грн/шт,420.0 г
206,Печиво 95г Oрео з какао та кремовою начинкою ванільного смаку,25.50 грн/шт,95.0 г
207,Зерновий батончик 25 г АХА зі смаком йогурту та лісовими ягодами,8.20 грн/шт,25.0 г
208,Морозиво 450 г Три Ведмеді Vanilla&Caramel двошарове пласт/лоток,89.00 грн/шт,450.0 г
209,Рідке мило 300мл Duru морські мінерали та олія авакадо п/флакон,42.50 грн/шт,300.0 мл
210,Готовий сніданок 330г Start Веселий Роджер,49.60 грн/шт,330.0 г
211,Прокладки урологічні 15 шт Seni Lady extra,82.50 грн/шт,N/A шт
112,"Ковбаса 0,55 кг М'ясна лавка/Своя лінія Молочна ДСТУ вар вектор",86.90 грн/шт,55000.0 г
113,"Чай 45,5 г (4 смаки * 7 ф/п ) Tea Moments Asortment Moment у сашетах к/уп",42.90 грн/шт,5.0 г
114,Гель для чищення 1кг Сантри ONIKS,48.90 грн/шт,1000.0 г
115,Печиво 420 г Рошен Lovita Jelly зі смаком вишні м/уп,79.90 грн/шт,420.0 г
116,Печиво 95г Oрео з какао та кремовою начинкою ванільного смаку,25.50 грн/шт,95.0 г
117,Зерновий батончик 25 г АХА зі смаком йогурту та лісовими ягодами,8.20 грн/шт,25.0 г
118,Морозиво 450 г Три Ведмеді Vanilla&Caramel двошарове пласт/лоток,89.00 грн/шт,450.0 г
119,Рідке мило 300мл Duru морські мінерали та олія авакадо п/флакон,42.50 грн/шт,300.0 мл
120,Готовий сніданок 330г Start Веселий Роджер,49.60 грн/шт,330.0 г
121,Прокладки урологічні 15 шт Seni Lady extra,82.50 грн/шт,N/A шт
122,"Ковбаса 0,55 кг М'ясна лавка/Своя лінія Молочна ДСТУ вар вектор",86.90 грн/шт,55000.0 г
123,"Чай 45,5 г (4 смаки * 7 ф/п ) Tea Moments Asortment Moment у сашетах к/уп",42.90 грн/шт,5.0 г
124,Гель для чищення 1кг Сантри ONIKS,48.90 грн/шт,1000.0 г
125,Печиво 420 г Рошен Lovita Jelly зі смаком вишні м/уп,79.90 грн/шт,420.0 г
126,Печиво 95г Oрео з какао та кремовою начинкою ванільного смаку,25.50 грн/шт,95.0 г
127,Зерновий батончик 25 г АХА зі смаком йогурту та лісовими ягодами,8.20 грн/шт,25.0 г
128,Морозиво 450 г Три Ведмеді Vanilla&Caramel двошарове пласт/лоток,89.00 грн/шт,450.0 г
129,Рідке мило 300мл Duru морські мінерали та олія авакадо п/флакон,42.50 грн/шт,300.0 мл
130,Готовий сніданок 330г Start Веселий Роджер,49.60 грн/шт,330.0 г
131,Прокладки урологічні 15 шт Seni Lady extra,82.50 грн/шт,N/A шт
132,"Ковбаса 0,55 кг М'ясна лавка/Своя лінія Молочна ДСТУ вар вектор",86.90 грн/шт,55000.0 г
133,"Чай 45,5 г (4 смаки * 7 ф/п ) Tea Moments Asortment Moment у сашетах к/уп",42.90 грн/шт,5.0 г
134,Гель для чищення 1кг Сантри ONIKS,48.90 грн/шт,1000.0 г
135,Печиво 420 г Рошен Lovita Jelly зі смаком вишні м/уп,79.90 грн/шт,420.0 г
136,Печиво 95г Oрео з какао та кремовою начинкою ванільного смаку,25.50 грн/шт,95.0 г
137,Зерновий батончик 25 г АХА зі смаком йогурту та лісовими ягодами,8.20 грн/шт,25.0 г
138,Морозиво 450 г Три Ведмеді Vanilla&Caramel двошарове пласт/лоток,89.00 грн/шт,450.0 г
139,Рідке мило 300мл Duru морські мінерали та олія авакадо п/флакон,42.50 грн/шт,300.0 мл
140,Готовий сніданок 330г Start Веселий Роджер,49.60 грн/шт,330.0 г
141,Прокладки урологічні 15 шт Seni Lady extra,82.50 грн/шт,N/A шт
142,"Ковбаса 0,55 кг М'ясна лавка/Своя лінія Молочна ДСТУ вар вектор",86.90 грн/шт,55000.0 г
143,"Чай 45,5 г (4 смаки * 7 ф/п ) Tea Moments Asortment Moment у сашетах к/уп",42.90 грн/шт,5.0 г
144,Гель для чищення 1кг Сантри ONIKS,48.90 грн/шт,1000.0 г
145,Печиво 420 г Рошен Lovita Jelly зі смаком вишні м/уп,79.90 грн/шт,420.0 г
146,Печиво 95г Oрео з какао та кремовою начинкою ванільного смаку,25.50 грн/шт,95.0 г
147,Зерновий батончик 25 г АХА зі смаком йогурту та лісовими ягодами,8.20 грн/шт,25.0 г
148,Морозиво 450 г Три Ведмеді Vanilla&Caramel двошарове пласт/лоток,89.00 грн/шт,450.0 г
149,Рідке мило 300мл Duru морські мінерали та олія авакадо п/флакон,42.50 грн/шт,300.0 мл
150,Готовий сніданок 330г Start Веселий Роджер,49.60 грн/шт,330.0 г
151,Прокладки урологічні 15 шт Seni Lady extra,82.50 грн/шт,N/A шт
152,"Ковбаса 0,55 кг М'ясна лавка/Своя лінія Молочна ДСТУ вар вектор",86.90 грн/шт,55000.0 г
153,"Чай 45,5 г (4 смаки * 7 ф/п ) Tea Moments Asortment Moment у сашетах к/уп",42.90 грн/шт,5.0 г
154,Гель для чищення 1кг Сантри ONIKS,48.90 грн/шт,1000.0 г
155,Печиво 420 г Рошен Lovita Jelly зі смаком вишні м/уп,79.90 грн/шт,420.0 г
156,Печиво 95г Oрео з какао та кремовою начинкою ванільного смаку,25.50 грн/шт,95.0 г
157,Зерновий батончик 25 г АХА зі смаком йогурту та лісовими ягодами,8.20 грн/шт,25.0 г
158,Морозиво 450 г Три Ведмеді Vanilla&Caramel двошарове пласт/лоток,89.00 грн/шт,450.0 г
159,Рідке мило 300мл Duru морські мінерали та олія авакадо п/флакон,42.50 грн/шт,300.0 мл
160,Готовий сніданок 330г Start Веселий Роджер,49.60 грн/шт,330.0 г
161,Прокладки урологічні 15 шт Seni Lady extra,82.50 грн/шт,N/A шт
162,"Ковбаса 0,55 кг М'ясна лавка/Своя лінія Молочна ДСТУ вар вектор",86.90 грн/шт,55000.0 г
163,"Чай 45,5 г (4 смаки * 7 ф/п ) Tea Moments Asortment Moment у сашетах к/уп",42.90 грн/шт,5.0 г
164,Гель для чищення 1кг Сантри ONIKS,48.90 грн/шт,1000.0 г
165,Печиво 420 г Рошен Lovita Jelly зі смаком вишні м/уп,79.90 грн/шт,420.0 г
166,Печиво 95г Oрео з какао та кремовою начинкою ванільного смаку,25.50 грн/шт,95.0 г
167,Зерновий батончик 25 г АХА зі смаком йогурту та лісовими ягодами,8.20 грн/шт,25.0 г
168,Морозиво 450 г Три Ведмеді Vanilla&Caramel двошарове пласт/лоток,89.00 грн/шт,450.0 г
169,Рідке мило 300мл Duru морські мінерали та олія авакадо п/флакон,42.50 грн/шт,300.0 мл
170,Готовий сніданок 330г Start Веселий Роджер,49.60 грн/шт,330.0 г
171,Прокладки урологічні 15 шт Seni Lady extra,82.50 грн/шт,N/A шт
172,"Ковбаса 0,55 кг М'ясна лавка/Своя лінія Молочна ДСТУ вар вектор",86.90 грн/шт,55000.0 г
173,"Чай 45,5 г (4 смаки * 7 ф/п ) Tea Moments Asortment Moment у сашетах к/уп",42.90 грн/шт,5.0 г
174,Гель для чищення 1кг Сантри ONIKS,48.90 грн/шт,1000.0 г
175,Печиво 420 г Рошен Lovita Jelly зі смаком вишні м/уп,79.90 грн/шт,420.0 г
176,Печиво 95г Oрео з какао та кремовою начинкою ванільного смаку,25.50 грн/шт,95.0 г
177,Зерновий батончик 25 г АХА зі смаком йогурту та лісовими ягодами,8.20 грн/шт,25.0 г
178,Морозиво 450 г Три Ведмеді Vanilla&Caramel двошарове пласт/лоток,89.00 грн/шт,450.0 г
179,Рідке мило 300мл Duru морські мінерали та олія авакадо п/флакон,42.50 грн/шт,300.0 мл
180,Готовий сніданок 330г Start Веселий Роджер,49.60 грн/шт,330.0 г
181,Прокладки урологічні 15 шт Seni Lady extra,82.50 грн/шт,N/A шт
182,"Ковбаса 0,55 кг М'ясна лавка/Своя лінія Молочна ДСТУ вар вектор",86.90 грн/шт,55000.0 г
183,"Чай 45,5 г (4 смаки * 7 ф/п ) Tea Moments Asortment Moment у сашетах к/уп",42.90 грн/шт,5.0 г
184,Гель для чищення 1кг Сантри ONIKS,48.90 грн/шт,1000.0 г
185,Печиво 420 г Рошен Lovita Jelly зі смаком вишні м/уп,79.90 грн/шт,420.0 г
186,Печиво 95г Oрео з какао та кремовою начинкою ванільного смаку,25.50 грн/шт,95.0 г
187,Зерновий батончик 25 г АХА зі смаком йогурту та лісовими ягодами,8.20 грн/шт,25.0 г
188,Морозиво 450 г Три Ведмеді Vanilla&Caramel двошарове пласт/лоток,89.00 грн/шт,450.0 г
189,Рідке мило 300мл Duru морські мінерали та олія авакадо п/флакон,42.50 грн/шт,300.0 мл
190,Готовий сніданок 330г Start Веселий Роджер,49.60 грн/шт,330.0 г
191,Прокладки урологічні 15 шт Seni Lady extra,82.50 грн/шт,N/A шт
192,"Ковбаса 0,55 кг М'ясна лавка/Своя лінія Молочна ДСТУ вар вектор",86.90 грн/шт,55000.0 г
193,"Чай 45,5 г (4 смаки * 7 ф/п ) Tea Moments Asortment Moment у сашетах к/уп",42.90 грн/шт,5.0 г
194,Гель для чищення 1кг Сантри ONIKS,48.90 грн/шт,1000.0 г
195,Печиво 420 г Рошен Lovita Jelly зі смаком вишні м/уп,79.90 грн/шт,420.0 г
196,Печиво 95г Oрео з какао та кремовою начинкою ванільного смаку,25.50 грн/шт,95.0 г
197,Зерновий батончик 25 г АХА зі смаком йогурту та лісовими ягодами,8.20 грн/шт,25.0 г
198,Морозиво 450 г Три Ведмеді Vanilla&Caramel двошарове пласт/лоток,89.00 грн/шт,450.0 г
199,Рідке мило 300мл Duru морські мінерали та олія авакадо п/флакон,42.50 грн/шт,300.0 мл
200,Готовий сніданок 330г Start Веселий Роджер,49.60 грн/шт,330.0 г
201,Прокладки урологічні 15 шт Seni Lady extra,82.50 грн/шт,N/A шт
202,"Ковбаса 0,55 кг М'ясна лавка/Своя лінія Молочна ДСТУ вар вектор",86.90 грн/шт,55000.0 г
203,"Чай 45,5 г (4 смаки * 7 ф/п ) Tea Moments Asortment Moment у сашетах к/уп",42.90 грн/шт,5.0 г
204,Гель для чищення 1кг Сантри ONIKS,48.90 грн/шт,1000.0 г
205,Печиво 420 г Рошен Lovita Jelly зі смаком вишні м/уп,79.90 грн/шт,420.0 г
206,Печиво 95г Oрео з какао та кремовою начинкою ванільного смаку,25.50 грн/шт,95.0 г
207,Зерновий батончик 25 г АХА зі смаком йогурту та лісовими ягодами,8.20 грн/шт,25.0 г
208,Морозиво 450 г Три Ведмеді Vanilla&Caramel двошарове пласт/лоток,89.00 грн/шт,450.0 г
209,Рідке мило 300мл Duru морські мінерали та олія авакадо п/флакон,42.50 грн/шт,300.0 мл
210,Готовий сніданок 330г Start Веселий Роджер,49.60 грн/шт,330.0 г
211,Прокладки урологічні 15 шт Seni Lady extra,82.50 грн/шт,N/A шт
212,"Ковбаса 0,55 кг М'ясна лавка/Своя лінія Молочна ДСТУ вар вектор",86.90 грн/шт,55000.0 г
213,"Чай 45,5 г (4 смаки * 7 ф/п ) Tea Moments Asortment Moment у сашетах к/уп",42.90 грн/шт,5.0 г
214,Гель для чищення 1кг Сантри ONIKS,48.90 грн/шт,1000.0 г
215,Печиво 420 г Рошен Lovita Jelly зі смаком вишні м/уп,79.90 грн/шт,420.0 г
216,Печиво 95г Oрео з какао та кремовою начинкою ванільного смаку,25.50 грн/шт,95.0 г
217,Зерновий батончик 25 г АХА зі смаком йогурту та лісовими ягодами,8.20 грн/шт,25.0 г
218,Морозиво 450 г Три Ведмеді Vanilla&Caramel двошарове пласт/лоток,89.00 грн/шт,450.0 г
219,Рідке мило 300мл Duru морські мінерали та олія авакадо п/флакон,42.50 грн/шт,300.0 мл
220,Готовий сніданок 330г Start Веселий Роджер,49.60 грн/шт,330.0 г
221,Прокладки урологічні 15 шт Seni Lady extra,82.50 грн/шт,N/A шт
222,"Ковбаса 0,55 кг М'ясна лавка/Своя лінія Молочна ДСТУ вар вектор",86.90 грн/шт,55000.0 г
223,"Чай 45,5 г (4 смаки * 7 ф/п ) Tea Moments Asortment Moment у сашетах к/уп",42.90 грн/шт,5.0 г
224,Гель для чищення 1кг Сантри ONIKS,48.90 грн/шт,1000.0 г
225,Печиво 420 г Рошен Lovita Jelly зі смаком вишні м/уп,79.90 грн/шт,420.0 г
226,Печиво 95г Oрео з какао та кремовою начинкою ванільного смаку,25.50 грн/шт,95.0 г
227,Зерновий батончик 25 г АХА зі смаком йогурту та лісовими ягодами,8.20 грн/шт,25.0 г
228,Морозиво 450 г Три Ведмеді Vanilla&Caramel двошарове пласт/лоток,89.00 грн/шт,450.0 г
229,Рідке мило 300мл Duru морські мінерали та олія авакадо п/флакон,42.50 грн/шт,300.0 мл
230,Готовий сніданок 330г Start Веселий Роджер,49.60 грн/шт,330.0 г
231,Прокладки урологічні 15 шт Seni Lady extra,82.50 грн/шт,N/A шт
122,"Ковбаса 0,55 кг М'ясна лавка/Своя лінія Молочна ДСТУ вар вектор",86.90 грн/шт,55000.0 г
123,"Чай 45,5 г (4 смаки * 7 ф/п ) Tea Moments Asortment Moment у сашетах к/уп",42.90 грн/шт,5.0 г
124,Гель для чищення 1кг Сантри ONIKS,48.90 грн/шт,1000.0 г
125,Печиво 420 г Рошен Lovita Jelly зі смаком вишні м/уп,79.90 грн/шт,420.0 г
126,Печиво 95г Oрео з какао та кремовою начинкою ванільного смаку,25.50 грн/шт,95.0 г
127,Зерновий батончик 25 г АХА зі смаком йогурту та лісовими ягодами,8.20 грн/шт,25.0 г
128,Морозиво 450 г Три Ведмеді Vanilla&Caramel двошарове пласт/лоток,89.00 грн/шт,450.0 г
129,Рідке мило 300мл Duru морські мінерали та олія авакадо п/флакон,42.50 грн/шт,300.0 мл
130,Готовий сніданок 330г Start Веселий Роджер,49.60 грн/шт,330.0 г
131,Прокладки урологічні 15 шт Seni Lady extra,82.50 грн/шт,N/A шт
132,"Ковбаса 0,55 кг М'ясна лавка/Своя лінія Молочна ДСТУ вар вектор",86.90 грн/шт,55000.0 г
133,"Чай 45,5 г (4 смаки * 7 ф/п ) Tea Moments Asortment Moment у сашетах к/уп",42.90 грн/шт,5.0 г
134,Гель для чищення 1кг Сантри ONIKS,48.90 грн/шт,1000.0 г
135,Печиво 420 г Рошен Lovita Jelly зі смаком вишні м/уп,79.90 грн/шт,420.0 г
136,Печиво 95г Oрео з какао та кремовою начинкою ванільного смаку,25.50 грн/шт,95.0 г
137,Зерновий батончик 25 г АХА зі смаком йогурту та лісовими ягодами,8.20 грн/шт,25.0 г
138,Морозиво 450 г Три Ведмеді Vanilla&Caramel двошарове пласт/лоток,89.00 грн/шт,450.0 г
139,Рідке мило 300мл Duru морські мінерали та олія авакадо п/флакон,42.50 грн/шт,300.0 мл
140,Готовий сніданок 330г Start Веселий Роджер,49.60 грн/шт,330.0 г
141,Прокладки урологічні 15 шт Seni Lady extra,82.50 грн/шт,N/A шт
142,"Ковбаса 0,55 кг М'ясна лавка/Своя лінія Молочна ДСТУ вар вектор",86.90 грн/шт,55000.0 г
143,"Чай 45,5 г (4 смаки * 7 ф/п ) Tea Moments Asortment Moment у сашетах к/уп",42.90 грн/шт,5.0 г
144,Гель для чищення 1кг Сантри ONIKS,48.90 грн/шт,1000.0 г
145,Печиво 420 г Рошен Lovita Jelly зі смаком вишні м/уп,79.90 грн/шт,420.0 г
146,Печиво 95г Oрео з какао та кремовою начинкою ванільного смаку,25.50 грн/шт,95.0 г
147,Зерновий батончик 25 г АХА зі смаком йогурту та лісовими ягодами,8.20 грн/шт,25.0 г
148,Морозиво 450 г Три Ведмеді Vanilla&Caramel двошарове пласт/лоток,89.00 грн/шт,450.0 г
149,Рідке мило 300мл Duru морські мінерали та олія авакадо п/флакон,42.50 грн/шт,300.0 мл
150,Готовий сніданок 330г Start Веселий Роджер,49.60 грн/шт,330.0 г
151,Прокладки урологічні 15 шт Seni Lady extra,82.50 грн/шт,N/A шт
152,"Ковбаса 0,55 кг М'ясна лавка/Своя лінія Молочна ДСТУ вар вектор",86.90 грн/шт,55000.0 г
153,"Чай 45,5 г (4 смаки * 7 ф/п ) Tea Moments Asortment Moment у сашетах к/уп",42.90 грн/шт,5.0 г
154,Гель для чищення 1кг Сантри ONIKS,48.90 грн/шт,1000.0 г
155,Печиво 420 г Рошен Lovita Jelly зі смаком вишні м/уп,79.90 грн/шт,420.0 г
156,Печиво 95г Oрео з какао та кремовою начинкою ванільного смаку,25.50 грн/шт,95.0 г
157,Зерновий батончик 25 г АХА зі смаком йогурту та лісовими ягодами,8.20 грн/шт,25.0 г
158,Морозиво 450 г Три Ведмеді Vanilla&Caramel двошарове пласт/лоток,89.00 грн/шт,450.0 г
159,Рідке мило 300мл Duru морські мінерали та олія авакадо п/флакон,42.50 грн/шт,300.0 мл
160,Готовий сніданок 330г Start Веселий Роджер,49.60 грн/шт,330.0 г
161,Прокладки урологічні 15 шт Seni Lady extra,82.50 грн/шт,N/A шт
162,"Ковбаса 0,55 кг М'ясна лавка/Своя лінія Молочна ДСТУ вар вектор",86.90 грн/шт,55000.0 г
163,"Чай 45,5 г (4 смаки * 7 ф/п ) Tea Moments Asortment Moment у сашетах к/уп",42.90 грн/шт,5.0 г
164,Гель для чищення 1кг Сантри ONIKS,48.90 грн/шт,1000.0 г
165,Печиво 420 г Рошен Lovita Jelly зі смаком вишні м/уп,79.90 грн/шт,420.0 г
166,Печиво 95г Oрео з какао та кремовою начинкою ванільного смаку,25.50 грн/шт,95.0 г
167,Зерновий батончик 25 г АХА зі смаком йогурту та лісовими ягодами,8.20 грн/шт,25.0 г
168,Морозиво 450 г Три Ведмеді Vanilla&Caramel двошарове пласт/лоток,89.00 грн/шт,450.0 г
169,Рідке мило 300мл Duru морські мінерали та олія авакадо п/флакон,42.50 грн/шт,300.0 мл
170,Готовий сніданок 330г Start Веселий Роджер,49.60 грн/шт,330.0 г
171,Прокладки урологічні 15 шт Seni Lady extra,82.50 грн/шт,N/A шт
172,"Ковбаса 0,55 кг М'ясна лавка/Своя лінія Молочна ДСТУ вар вектор",86.90 грн/шт,55000.0 г
173,"Чай 45,5 г (4 смаки * 7 ф/п ) Tea Moments Asortment Moment у сашетах к/уп",42.90 грн/шт,5.0 г
174,Гель для чищення 1кг Сантри ONIKS,48.90 грн/шт,1000.0 г
175,Печиво 420 г Рошен Lovita Jelly зі смаком вишні м/уп,79.90 грн/шт,420.0 г
176,Печиво 95г Oрео з какао та кремовою начинкою ванільного смаку,25.50 грн/шт,95.0 г
177,Зерновий батончик 25 г АХА зі смаком йогурту та лісовими ягодами,8.20 грн/шт,25.0 г
178,Морозиво 450 г Три Ведмеді Vanilla&Caramel двошарове пласт/лоток,89.00 грн/шт,450.0 г
179,Рідке мило 300мл Duru морські мінерали та олія авакадо п/флакон,42.50 грн/шт,300.0 мл
180,Готовий сніданок 330г Start Веселий Роджер,49.60 грн/шт,330.0 г
181,Прокладки урологічні 15 шт Seni Lady extra,82.50 грн/шт,N/A шт
182,"Ковбаса 0,55 кг М'ясна лавка/Своя лінія Молочна ДСТУ вар вектор",86.90 грн/шт,55000.0 г
183,"Чай 45,5 г (4 смаки * 7 ф/п ) Tea Moments Asortment Moment у сашетах к/уп",42.90 грн/шт,5.0 г
184,Гель для чищення 1кг Сантри ONIKS,48.90 грн/шт,1000.0 г
185,Печиво 420 г Рошен Lovita Jelly зі смаком вишні м/уп,79.90 грн/шт,420.0 г
186,Печиво 95г Oрео з какао та кремовою начинкою ванільного смаку,25.50 грн/шт,95.0 г
187,Зерновий батончик 25 г АХА зі смаком йогурту та лісовими ягодами,8.20 грн/шт,25.0 г
188,Морозиво 450 г Три Ведмеді Vanilla&Caramel двошарове пласт/лоток,89.00 грн/шт,450.0 г
189,Рідке мило 300мл Duru морські мінерали та олія авакадо п/флакон,42.50 грн/шт,300.0 мл
190,Готовий сніданок 330г Start Веселий Роджер,49.60 грн/шт,330.0 г
191,Прокладки урологічні 15 шт Seni Lady extra,82.50 грн/шт,N/A шт
192,"Ковбаса 0,55 кг М'ясна лавка/Своя лінія Молочна ДСТУ вар вектор",86.90 грн/шт,55000.0 г
193,"Чай 45,5 г (4 смаки * 7 ф/п ) Tea Moments Asortment Moment у сашетах к/уп",42.90 грн/шт,5.0 г
194,Гель для чищення 1кг Сантри ONIKS,48.90 грн/шт,1000.0 г
195,Печиво 420 г Рошен Lovita Jelly зі смаком вишні м/уп,79.90 грн/шт,420.0 г
196,Печиво 95г Oрео з какао та кремовою начинкою ванільного смаку,25.50 грн/шт,95.0 г
197,Зерновий батончик 25 г АХА зі смаком йогурту та лісовими ягодами,8.20 грн/шт,25.0 г
198,Морозиво 450 г Три Ведмеді Vanilla&Caramel двошарове пласт/лоток,89.00 грн/шт,450.0 г
199,Рідке мило 300мл Duru морські мінерали та олія авакадо п/флакон,42.50 грн/шт,300.0 мл
200,Готовий сніданок 330г Start Веселий Роджер,49.60 грн/шт,330.0 г
201,Прокладки урологічні 15 шт Seni Lady extra,82.50 грн/шт,N/A шт
202,"Ковбаса 0,55 кг М'ясна лавка/Своя лінія Молочна ДСТУ вар вектор",86.90 грн/шт,55000.0 г
203,"Чай 45,5 г (4 смаки * 7 ф/п ) Tea Moments Asortment Moment у сашетах к/уп",42.90 грн/шт,5.0 г
204,Гель для чищення 1кг Сантри ONIKS,48.90 грн/шт,1000.0 г
205,Печиво 420 г Рошен Lovita Jelly зі смаком вишні м/уп,79.90 грн/шт,420.0 г
206,Печиво 95г Oрео з какао та кремовою начинкою ванільного смаку,25.50 грн/шт,95.0 г
207,Зерновий батончик 25 г АХА зі смаком йогурту та лісовими ягодами,8.20 грн/шт,25.0 г
208,Морозиво 450 г Три Ведмеді Vanilla&Caramel двошарове пласт/лоток,89.00 грн/шт,450.0 г
209,Рідке мило 300мл Duru морські мінерали та олія авакадо п/флакон,42.50 грн/шт,300.0 мл
210,Готовий сніданок 330г Start Веселий Роджер,49.60 грн/шт,330.0 г
211,Прокладки урологічні 15 шт Seni Lady extra,82.50 грн/шт,N/A шт
212,"Ковбаса 0,55 кг М'ясна лавка/Своя лінія Молочна ДСТУ вар вектор",86.90 грн/шт,55000.0 г
213,"Чай 45,5 г (4 смаки * 7 ф/п ) Tea Moments Asortment Moment у сашетах к/уп",42.90 грн/шт,5.0 г
214,Гель для чищення 1кг Сантри ONIKS,48.90 грн/шт,1000.0 г
215,Печиво 420 г Рошен Lovita Jelly зі смаком вишні м/уп,79.90 грн/шт,420.0 г
216,Печиво 95г Oрео з какао та кремовою начинкою ванільного смаку,25.50 грн/шт,95.0 г
217,Зерновий батончик 25 г АХА зі смаком йогурту та лісовими ягодами,8.20 грн/шт,25.0 г
218,Морозиво 450 г Три Ведмеді Vanilla&Caramel двошарове пласт/лоток,89.00 грн/шт,450.0 г
219,Рідке мило 300мл Duru морські мінерали та олія авакадо п/флакон,42.50 грн/шт,300.0 мл
220,Готовий сніданок 330г Start Веселий Роджер,49.60 грн/шт,330.0 г
221,Прокладки урологічні 15 шт Seni Lady extra,82.50 грн/шт,N/A шт
222,"Ковбаса 0,55 кг М'ясна лавка/Своя лінія Молочна ДСТУ вар вектор",86.90 грн/шт,55000.0 г
223,"Чай 45,5 г (4 смаки * 7 ф/п ) Tea Moments Asortment Moment у сашетах к/уп",42.90 грн/шт,5.0 г
224,Гель для чищення 1кг Сантри ONIKS,48.90 грн/шт,1000.0 г
225,Печиво 420 г Рошен Lovita Jelly зі смаком вишні м/уп,79.90 грн/шт,420.0 г
226,Печиво 95г Oрео з какао та кремовою начинкою ванільного смаку,25.50 грн/шт,95.0 г
227,Зерновий батончик 25 г АХА зі смаком йогурту та лісовими ягодами,8.20 грн/шт,25.0 г
228,Морозиво 450 г Три Ведмеді Vanilla&Caramel двошарове пласт/лоток,89.00 грн/шт,450.0 г
229,Рідке мило 300мл Duru морські мінерали та олія авакадо п/флакон,42.50 грн/шт,300.0 мл
230,Готовий сніданок 330г Start Веселий Роджер,49.60 грн/шт,330.0 г
231,Прокладки урологічні 15 шт Seni Lady extra,82.50 грн/шт,N/A шт
232,"Ковбаса 0,55 кг М'ясна лавка/Своя лінія Молочна ДСТУ вар вектор",86.90 грн/шт,55000.0 г
233,"Чай 45,5 г (4 смаки * 7 ф/п ) Tea Moments Asortment Moment у сашетах к/уп",42.90 грн/шт,5.0 г
234,Гель для чищення 1кг Сантри ONIKS,48.90 грн/шт,1000.0 г
235,Печиво 420 г Рошен Lovita Jelly зі смаком вишні м/уп,79.90 грн/шт,420.0 г
236,Печиво 95г Oрео з какао та кремовою начинкою ванільного смаку,25.50 грн/шт,95.0 г
237,Зерновий батончик 25 г АХА зі смаком йогурту та лісовими ягодами,8.20 грн/шт,25.0 г
238,Морозиво 450 г Три Ведмеді Vanilla&Caramel двошарове пласт/лоток,89.00 грн/шт,450.0 г
239,Рідке мило 300мл Duru морські мінерали та олія авакадо п/флакон,42.50 грн/шт,300.0 мл
240,Готовий сніданок 330г Start Веселий Роджер,49.60 грн/шт,330.0 г
241,Прокладки урологічні 15 шт Seni Lady extra,82.50 грн/шт,N/A шт
242,"Ковбаса 0,55 кг М'ясна лавка/Своя лінія Молочна ДСТУ вар вектор",86.90 грн/шт,55000.0 г
243,"Чай 45,5 г (4 смаки * 7 ф/п ) Tea Moments Asortment Moment у сашетах к/уп",42.90 грн/шт,5.0 г
244,Гель для чищення 1кг Сантри ONIKS,48.90 грн/шт,1000.0 г
245,Печиво 420 г Рошен Lovita Jelly зі смаком вишні м/уп,79.90 грн/шт,420.0 г
246,Печиво 95г Oрео з какао та кремовою начинкою ванільного смаку,25.50 грн/шт,95.0 г
247,Зерновий батончик 25 г АХА зі смаком йогурту та лісовими ягодами,8.20 грн/шт,25.0 г
248,Морозиво 450 г Три Ведмеді Vanilla&Caramel двошарове пласт/лоток,89.00 грн/шт,450.0 г
249,Рідке мило 300мл Duru морські мінерали та олія авакадо п/флакон,42.50 грн/шт,300.0 мл
250,Готовий сніданок 330г Start Веселий Роджер,49.60 грн/шт,330.0 г
251,Прокладки урологічні 15 шт Seni Lady extra,82.50 грн/шт,N/A шт
